timeStamp,elapsed,label,responseCode,responseMessage,threadName,dataType,success,failureMessage,bytes,sentBytes,grpThreads,allThreads,URL,Latency,SampleCount,ErrorCount,Hostname,IdleTime,Connect
1601652354525,10808957,localhost Memory unit=mb:used,,,,,true,,0,0,0,0,null,0,1,0,home-pc,0,0
1601652354526,51097,localhost Disks I/O unit=mb:available,,,,,true,,0,0,0,0,null,0,1,0,home-pc,0,0
1601652354526,5493,localhost CPU user,,,,,true,,0,0,0,0,null,0,1,0,home-pc,0,0
1601652355528,10808906,localhost Memory unit=mb:used,,,,,true,,0,0,0,0,null,0,1,0,home-pc,0,0
1601652355529,51097,localhost Disks I/O unit=mb:available,,,,,true,,0,0,0,0,null,0,1,0,home-pc,0,0
1601652355529,3726,localhost CPU user,,,,,true,,0,0,0,0,null,0,1,0,home-pc,0,0
1601652356530,10809050,localhost Memory unit=mb:used,,,,,true,,0,0,0,0,null,0,1,0,home-pc,0,0
1601652356531,51097,localhost Disks I/O unit=mb:available,,,,,true,,0,0,0,0,null,0,1,0,home-pc,0,0
1601652356531,3698,localhost CPU user,,,,,true,,0,0,0,0,null,0,1,0,home-pc,0,0
1601652357532,10809042,localhost Memory unit=mb:used,,,,,true,,0,0,0,0,null,0,1,0,home-pc,0,0
1601652357532,51097,localhost Disks I/O unit=mb:available,,,,,true,,0,0,0,0,null,0,1,0,home-pc,0,0
1601652357532,3344,localhost CPU user,,,,,true,,0,0,0,0,null,0,1,0,home-pc,0,0
1601652358533,10808160,localhost Memory unit=mb:used,,,,,true,,0,0,0,0,null,0,1,0,home-pc,0,0
1601652358534,51096,localhost Disks I/O unit=mb:available,,,,,true,,0,0,0,0,null,0,1,0,home-pc,0,0
1601652358534,3691,localhost CPU user,,,,,true,,0,0,0,0,null,0,1,0,home-pc,0,0
1601652359535,10809035,localhost Memory unit=mb:used,,,,,true,,0,0,0,0,null,0,1,0,home-pc,0,0
1601652359536,51096,localhost Disks I/O unit=mb:available,,,,,true,,0,0,0,0,null,0,1,0,home-pc,0,0
1601652359536,4493,localhost CPU user,,,,,true,,0,0,0,0,null,0,1,0,home-pc,0,0
1601652360537,10808320,localhost Memory unit=mb:used,,,,,true,,0,0,0,0,null,0,1,0,home-pc,0,0
1601652360538,51096,localhost Disks I/O unit=mb:available,,,,,true,,0,0,0,0,null,0,1,0,home-pc,0,0
1601652360538,2937,localhost CPU user,,,,,true,,0,0,0,0,null,0,1,0,home-pc,0,0
1601652361539,10810972,localhost Memory unit=mb:used,,,,,true,,0,0,0,0,null,0,1,0,home-pc,0,0
1601652361539,51096,localhost Disks I/O unit=mb:available,,,,,true,,0,0,0,0,null,0,1,0,home-pc,0,0
1601652361539,3312,localhost CPU user,,,,,true,,0,0,0,0,null,0,1,0,home-pc,0,0
1601652362540,10811558,localhost Memory unit=mb:used,,,,,true,,0,0,0,0,null,0,1,0,home-pc,0,0
1601652362541,51096,localhost Disks I/O unit=mb:available,,,,,true,,0,0,0,0,null,0,1,0,home-pc,0,0
1601652362541,3335,localhost CPU user,,,,,true,,0,0,0,0,null,0,1,0,home-pc,0,0
1601652363542,10814121,localhost Memory unit=mb:used,,,,,true,,0,0,0,0,null,0,1,0,home-pc,0,0
1601652363543,51167,localhost Disks I/O unit=mb:available,,,,,true,,0,0,0,0,null,0,1,0,home-pc,0,0
1601652363543,4276,localhost CPU user,,,,,true,,0,0,0,0,null,0,1,0,home-pc,0,0
1601652364544,10814003,localhost Memory unit=mb:used,,,,,true,,0,0,0,0,null,0,1,0,home-pc,0,0
1601652364545,51167,localhost Disks I/O unit=mb:available,,,,,true,,0,0,0,0,null,0,1,0,home-pc,0,0
1601652364545,5264,localhost CPU user,,,,,true,,0,0,0,0,null,0,1,0,home-pc,0,0
1601652365546,10813937,localhost Memory unit=mb:used,,,,,true,,0,0,0,0,null,0,1,0,home-pc,0,0
1601652365547,51167,localhost Disks I/O unit=mb:available,,,,,true,,0,0,0,0,null,0,1,0,home-pc,0,0
1601652365547,3142,localhost CPU user,,,,,true,,0,0,0,0,null,0,1,0,home-pc,0,0
1601652366547,10813410,localhost Memory unit=mb:used,,,,,true,,0,0,0,0,null,0,1,0,home-pc,0,0
1601652366548,51167,localhost Disks I/O unit=mb:available,,,,,true,,0,0,0,0,null,0,1,0,home-pc,0,0
1601652366548,3473,localhost CPU user,,,,,true,,0,0,0,0,null,0,1,0,home-pc,0,0
1601652367549,10813121,localhost Memory unit=mb:used,,,,,true,,0,0,0,0,null,0,1,0,home-pc,0,0
1601652367550,51167,localhost Disks I/O unit=mb:available,,,,,true,,0,0,0,0,null,0,1,0,home-pc,0,0
1601652367550,4142,localhost CPU user,,,,,true,,0,0,0,0,null,0,1,0,home-pc,0,0
1601652368550,10810964,localhost Memory unit=mb:used,,,,,true,,0,0,0,0,null,0,1,0,home-pc,0,0
1601652368551,51167,localhost Disks I/O unit=mb:available,,,,,true,,0,0,0,0,null,0,1,0,home-pc,0,0
1601652368551,4477,localhost CPU user,,,,,true,,0,0,0,0,null,0,1,0,home-pc,0,0
1601652369551,10810855,localhost Memory unit=mb:used,,,,,true,,0,0,0,0,null,0,1,0,home-pc,0,0
1601652369552,51166,localhost Disks I/O unit=mb:available,,,,,true,,0,0,0,0,null,0,1,0,home-pc,0,0
1601652369552,4882,localhost CPU user,,,,,true,,0,0,0,0,null,0,1,0,home-pc,0,0
1601652370552,10810871,localhost Memory unit=mb:used,,,,,true,,0,0,0,0,null,0,1,0,home-pc,0,0
1601652370553,51166,localhost Disks I/O unit=mb:available,,,,,true,,0,0,0,0,null,0,1,0,home-pc,0,0
1601652370553,2340,localhost CPU user,,,,,true,,0,0,0,0,null,0,1,0,home-pc,0,0
1601652371554,10810878,localhost Memory unit=mb:used,,,,,true,,0,0,0,0,null,0,1,0,home-pc,0,0
1601652371555,51166,localhost Disks I/O unit=mb:available,,,,,true,,0,0,0,0,null,0,1,0,home-pc,0,0
1601652371555,5639,localhost CPU user,,,,,true,,0,0,0,0,null,0,1,0,home-pc,0,0
1601652372555,10808941,localhost Memory unit=mb:used,,,,,true,,0,0,0,0,null,0,1,0,home-pc,0,0
1601652372556,51166,localhost Disks I/O unit=mb:available,,,,,true,,0,0,0,0,null,0,1,0,home-pc,0,0
1601652372556,3717,localhost CPU user,,,,,true,,0,0,0,0,null,0,1,0,home-pc,0,0
1601652373556,10807914,localhost Memory unit=mb:used,,,,,true,,0,0,0,0,null,0,1,0,home-pc,0,0
1601652373557,51165,localhost Disks I/O unit=mb:available,,,,,true,,0,0,0,0,null,0,1,0,home-pc,0,0
1601652373557,5641,localhost CPU user,,,,,true,,0,0,0,0,null,0,1,0,home-pc,0,0
1601652374559,10808636,localhost Memory unit=mb:used,,,,,true,,0,0,0,0,null,0,1,0,home-pc,0,0
1601652374559,51165,localhost Disks I/O unit=mb:available,,,,,true,,0,0,0,0,null,0,1,0,home-pc,0,0
1601652374559,4654,localhost CPU user,,,,,true,,0,0,0,0,null,0,1,0,home-pc,0,0
1601652375560,10807855,localhost Memory unit=mb:used,,,,,true,,0,0,0,0,null,0,1,0,home-pc,0,0
1601652375560,51165,localhost Disks I/O unit=mb:available,,,,,true,,0,0,0,0,null,0,1,0,home-pc,0,0
1601652375560,3522,localhost CPU user,,,,,true,,0,0,0,0,null,0,1,0,home-pc,0,0
1601652376562,10805437,localhost Memory unit=mb:used,,,,,true,,0,0,0,0,null,0,1,0,home-pc,0,0
1601652376563,51165,localhost Disks I/O unit=mb:available,,,,,true,,0,0,0,0,null,0,1,0,home-pc,0,0
1601652376563,3903,localhost CPU user,,,,,true,,0,0,0,0,null,0,1,0,home-pc,0,0
1601652377563,10805398,localhost Memory unit=mb:used,,,,,true,,0,0,0,0,null,0,1,0,home-pc,0,0
1601652377564,51165,localhost Disks I/O unit=mb:available,,,,,true,,0,0,0,0,null,0,1,0,home-pc,0,0
1601652377564,3916,localhost CPU user,,,,,true,,0,0,0,0,null,0,1,0,home-pc,0,0
1601652378564,10805417,localhost Memory unit=mb:used,,,,,true,,0,0,0,0,null,0,1,0,home-pc,0,0
1601652378565,51165,localhost Disks I/O unit=mb:available,,,,,true,,0,0,0,0,null,0,1,0,home-pc,0,0
1601652378565,4282,localhost CPU user,,,,,true,,0,0,0,0,null,0,1,0,home-pc,0,0
1601652379566,10805292,localhost Memory unit=mb:used,,,,,true,,0,0,0,0,null,0,1,0,home-pc,0,0
1601652379567,51165,localhost Disks I/O unit=mb:available,,,,,true,,0,0,0,0,null,0,1,0,home-pc,0,0
1601652379567,5075,localhost CPU user,,,,,true,,0,0,0,0,null,0,1,0,home-pc,0,0
1601652380567,10805324,localhost Memory unit=mb:used,,,,,true,,0,0,0,0,null,0,1,0,home-pc,0,0
1601652380568,51165,localhost Disks I/O unit=mb:available,,,,,true,,0,0,0,0,null,0,1,0,home-pc,0,0
1601652380568,3305,localhost CPU user,,,,,true,,0,0,0,0,null,0,1,0,home-pc,0,0
1601652381569,10805500,localhost Memory unit=mb:used,,,,,true,,0,0,0,0,null,0,1,0,home-pc,0,0
1601652381570,51165,localhost Disks I/O unit=mb:available,,,,,true,,0,0,0,0,null,0,1,0,home-pc,0,0
1601652381570,2724,localhost CPU user,,,,,true,,0,0,0,0,null,0,1,0,home-pc,0,0
1601652382570,10805394,localhost Memory unit=mb:used,,,,,true,,0,0,0,0,null,0,1,0,home-pc,0,0
1601652382571,51165,localhost Disks I/O unit=mb:available,,,,,true,,0,0,0,0,null,0,1,0,home-pc,0,0
1601652382571,5265,localhost CPU user,,,,,true,,0,0,0,0,null,0,1,0,home-pc,0,0
1601652383572,10805351,localhost Memory unit=mb:used,,,,,true,,0,0,0,0,null,0,1,0,home-pc,0,0
1601652383573,51165,localhost Disks I/O unit=mb:available,,,,,true,,0,0,0,0,null,0,1,0,home-pc,0,0
1601652383573,3719,localhost CPU user,,,,,true,,0,0,0,0,null,0,1,0,home-pc,0,0
1601652384574,10804707,localhost Memory unit=mb:used,,,,,true,,0,0,0,0,null,0,1,0,home-pc,0,0
1601652384575,51164,localhost Disks I/O unit=mb:available,,,,,true,,0,0,0,0,null,0,1,0,home-pc,0,0
1601652384575,7396,localhost CPU user,,,,,true,,0,0,0,0,null,0,1,0,home-pc,0,0
1601652385575,10804929,localhost Memory unit=mb:used,,,,,true,,0,0,0,0,null,0,1,0,home-pc,0,0
1601652385575,51164,localhost Disks I/O unit=mb:available,,,,,true,,0,0,0,0,null,0,1,0,home-pc,0,0
1601652385576,4856,localhost CPU user,,,,,true,,0,0,0,0,null,0,1,0,home-pc,0,0
1601652386576,10804632,localhost Memory unit=mb:used,,,,,true,,0,0,0,0,null,0,1,0,home-pc,0,0
1601652386577,51164,localhost Disks I/O unit=mb:available,,,,,true,,0,0,0,0,null,0,1,0,home-pc,0,0
1601652386577,6636,localhost CPU user,,,,,true,,0,0,0,0,null,0,1,0,home-pc,0,0
1601652387579,10804628,localhost Memory unit=mb:used,,,,,true,,0,0,0,0,null,0,1,0,home-pc,0,0
1601652387579,51164,localhost Disks I/O unit=mb:available,,,,,true,,0,0,0,0,null,0,1,0,home-pc,0,0
1601652387579,5073,localhost CPU user,,,,,true,,0,0,0,0,null,0,1,0,home-pc,0,0
1601652388580,10804507,localhost Memory unit=mb:used,,,,,true,,0,0,0,0,null,0,1,0,home-pc,0,0
1601652388581,51164,localhost Disks I/O unit=mb:available,,,,,true,,0,0,0,0,null,0,1,0,home-pc,0,0
1601652388581,6435,localhost CPU user,,,,,true,,0,0,0,0,null,0,1,0,home-pc,0,0
1601652389582,10804859,localhost Memory unit=mb:used,,,,,true,,0,0,0,0,null,0,1,0,home-pc,0,0
1601652389583,51163,localhost Disks I/O unit=mb:available,,,,,true,,0,0,0,0,null,0,1,0,home-pc,0,0
1601652389583,7053,localhost CPU user,,,,,true,,0,0,0,0,null,0,1,0,home-pc,0,0
1601652390584,10803652,localhost Memory unit=mb:used,,,,,true,,0,0,0,0,null,0,1,0,home-pc,0,0
1601652390585,51163,localhost Disks I/O unit=mb:available,,,,,true,,0,0,0,0,null,0,1,0,home-pc,0,0
1601652390585,5674,localhost CPU user,,,,,true,,0,0,0,0,null,0,1,0,home-pc,0,0
1601652391586,10811398,localhost Memory unit=mb:used,,,,,true,,0,0,0,0,null,0,1,0,home-pc,0,0
1601652391587,51163,localhost Disks I/O unit=mb:available,,,,,true,,0,0,0,0,null,0,1,0,home-pc,0,0
1601652391587,10499,localhost CPU user,,,,,true,,0,0,0,0,null,0,1,0,home-pc,0,0
1601652392587,10812910,localhost Memory unit=mb:used,,,,,true,,0,0,0,0,null,0,1,0,home-pc,0,0
1601652392588,51163,localhost Disks I/O unit=mb:available,,,,,true,,0,0,0,0,null,0,1,0,home-pc,0,0
1601652392588,8990,localhost CPU user,,,,,true,,0,0,0,0,null,0,1,0,home-pc,0,0
1601652393588,10815464,localhost Memory unit=mb:used,,,,,true,,0,0,0,0,null,0,1,0,home-pc,0,0
1601652393588,51163,localhost Disks I/O unit=mb:available,,,,,true,,0,0,0,0,null,0,1,0,home-pc,0,0
1601652393589,6070,localhost CPU user,,,,,true,,0,0,0,0,null,0,1,0,home-pc,0,0
1601652394590,10820046,localhost Memory unit=mb:used,,,,,true,,0,0,0,0,null,0,1,0,home-pc,0,0
1601652394591,51163,localhost Disks I/O unit=mb:available,,,,,true,,0,0,0,0,null,0,1,0,home-pc,0,0
1601652394591,7198,localhost CPU user,,,,,true,,0,0,0,0,null,0,1,0,home-pc,0,0
1601652395592,10820148,localhost Memory unit=mb:used,,,,,true,,0,0,0,0,null,0,1,0,home-pc,0,0
1601652395593,51163,localhost Disks I/O unit=mb:available,,,,,true,,0,0,0,0,null,0,1,0,home-pc,0,0
1601652395593,8601,localhost CPU user,,,,,true,,0,0,0,0,null,0,1,0,home-pc,0,0
1601652396594,10821308,localhost Memory unit=mb:used,,,,,true,,0,0,0,0,null,0,1,0,home-pc,0,0
1601652396594,51163,localhost Disks I/O unit=mb:available,,,,,true,,0,0,0,0,null,0,1,0,home-pc,0,0
1601652396594,8221,localhost CPU user,,,,,true,,0,0,0,0,null,0,1,0,home-pc,0,0
1601652397595,10822640,localhost Memory unit=mb:used,,,,,true,,0,0,0,0,null,0,1,0,home-pc,0,0
1601652397595,51163,localhost Disks I/O unit=mb:available,,,,,true,,0,0,0,0,null,0,1,0,home-pc,0,0
1601652397596,8017,localhost CPU user,,,,,true,,0,0,0,0,null,0,1,0,home-pc,0,0
1601652398597,10823394,localhost Memory unit=mb:used,,,,,true,,0,0,0,0,null,0,1,0,home-pc,0,0
1601652398597,51163,localhost Disks I/O unit=mb:available,,,,,true,,0,0,0,0,null,0,1,0,home-pc,0,0
1601652398597,5639,localhost CPU user,,,,,true,,0,0,0,0,null,0,1,0,home-pc,0,0
1601652399597,10823421,localhost Memory unit=mb:used,,,,,true,,0,0,0,0,null,0,1,0,home-pc,0,0
1601652399597,51162,localhost Disks I/O unit=mb:available,,,,,true,,0,0,0,0,null,0,1,0,home-pc,0,0
1601652399597,4676,localhost CPU user,,,,,true,,0,0,0,0,null,0,1,0,home-pc,0,0
1601652400598,10822500,localhost Memory unit=mb:used,,,,,true,,0,0,0,0,null,0,1,0,home-pc,0,0
1601652400598,51162,localhost Disks I/O unit=mb:available,,,,,true,,0,0,0,0,null,0,1,0,home-pc,0,0
1601652400598,4302,localhost CPU user,,,,,true,,0,0,0,0,null,0,1,0,home-pc,0,0
1601652401598,10821750,localhost Memory unit=mb:used,,,,,true,,0,0,0,0,null,0,1,0,home-pc,0,0
1601652401598,51162,localhost Disks I/O unit=mb:available,,,,,true,,0,0,0,0,null,0,1,0,home-pc,0,0
1601652401598,4079,localhost CPU user,,,,,true,,0,0,0,0,null,0,1,0,home-pc,0,0
1601652402599,10821750,localhost Memory unit=mb:used,,,,,true,,0,0,0,0,null,0,1,0,home-pc,0,0
1601652402599,51162,localhost Disks I/O unit=mb:available,,,,,true,,0,0,0,0,null,0,1,0,home-pc,0,0
1601652402599,4698,localhost CPU user,,,,,true,,0,0,0,0,null,0,1,0,home-pc,0,0
1601652403600,10821808,localhost Memory unit=mb:used,,,,,true,,0,0,0,0,null,0,1,0,home-pc,0,0
1601652403600,51162,localhost Disks I/O unit=mb:available,,,,,true,,0,0,0,0,null,0,1,0,home-pc,0,0
1601652403600,4506,localhost CPU user,,,,,true,,0,0,0,0,null,0,1,0,home-pc,0,0
1601652404601,10822109,localhost Memory unit=mb:used,,,,,true,,0,0,0,0,null,0,1,0,home-pc,0,0
1601652404601,51162,localhost Disks I/O unit=mb:available,,,,,true,,0,0,0,0,null,0,1,0,home-pc,0,0
1601652404601,4656,localhost CPU user,,,,,true,,0,0,0,0,null,0,1,0,home-pc,0,0
1601652405601,10821308,localhost Memory unit=mb:used,,,,,true,,0,0,0,0,null,0,1,0,home-pc,0,0
1601652405601,51162,localhost Disks I/O unit=mb:available,,,,,true,,0,0,0,0,null,0,1,0,home-pc,0,0
1601652405601,3493,localhost CPU user,,,,,true,,0,0,0,0,null,0,1,0,home-pc,0,0
1601652406602,10820710,localhost Memory unit=mb:used,,,,,true,,0,0,0,0,null,0,1,0,home-pc,0,0
1601652406602,51161,localhost Disks I/O unit=mb:available,,,,,true,,0,0,0,0,null,0,1,0,home-pc,0,0
1601652406602,6807,localhost CPU user,,,,,true,,0,0,0,0,null,0,1,0,home-pc,0,0
1601652407603,10820839,localhost Memory unit=mb:used,,,,,true,,0,0,0,0,null,0,1,0,home-pc,0,0
1601652407603,51161,localhost Disks I/O unit=mb:available,,,,,true,,0,0,0,0,null,0,1,0,home-pc,0,0
1601652407603,5062,localhost CPU user,,,,,true,,0,0,0,0,null,0,1,0,home-pc,0,0
1601652408603,10821437,localhost Memory unit=mb:used,,,,,true,,0,0,0,0,null,0,1,0,home-pc,0,0
1601652408603,51161,localhost Disks I/O unit=mb:available,,,,,true,,0,0,0,0,null,0,1,0,home-pc,0,0
1601652408603,7196,localhost CPU user,,,,,true,,0,0,0,0,null,0,1,0,home-pc,0,0
1601652409603,10823613,localhost Memory unit=mb:used,,,,,true,,0,0,0,0,null,0,1,0,home-pc,0,0
1601652409603,51161,localhost Disks I/O unit=mb:available,,,,,true,,0,0,0,0,null,0,1,0,home-pc,0,0
1601652409603,5498,localhost CPU user,,,,,true,,0,0,0,0,null,0,1,0,home-pc,0,0
1601652410603,10826820,localhost Memory unit=mb:used,,,,,true,,0,0,0,0,null,0,1,0,home-pc,0,0
1601652410603,51161,localhost Disks I/O unit=mb:available,,,,,true,,0,0,0,0,null,0,1,0,home-pc,0,0
1601652410603,4079,localhost CPU user,,,,,true,,0,0,0,0,null,0,1,0,home-pc,0,0
1601652411604,10826757,localhost Memory unit=mb:used,,,,,true,,0,0,0,0,null,0,1,0,home-pc,0,0
1601652411604,51161,localhost Disks I/O unit=mb:available,,,,,true,,0,0,0,0,null,0,1,0,home-pc,0,0
1601652411604,7641,localhost CPU user,,,,,true,,0,0,0,0,null,0,1,0,home-pc,0,0
1601652412605,10826910,localhost Memory unit=mb:used,,,,,true,,0,0,0,0,null,0,1,0,home-pc,0,0
1601652412605,51161,localhost Disks I/O unit=mb:available,,,,,true,,0,0,0,0,null,0,1,0,home-pc,0,0
1601652412605,3704,localhost CPU user,,,,,true,,0,0,0,0,null,0,1,0,home-pc,0,0
1601652413607,10826777,localhost Memory unit=mb:used,,,,,true,,0,0,0,0,null,0,1,0,home-pc,0,0
1601652413607,51161,localhost Disks I/O unit=mb:available,,,,,true,,0,0,0,0,null,0,1,0,home-pc,0,0
1601652413607,4091,localhost CPU user,,,,,true,,0,0,0,0,null,0,1,0,home-pc,0,0
1601652414608,10825812,localhost Memory unit=mb:used,,,,,true,,0,0,0,0,null,0,1,0,home-pc,0,0
1601652414608,51161,localhost Disks I/O unit=mb:available,,,,,true,,0,0,0,0,null,0,1,0,home-pc,0,0
1601652414608,5829,localhost CPU user,,,,,true,,0,0,0,0,null,0,1,0,home-pc,0,0
1601652415608,10825699,localhost Memory unit=mb:used,,,,,true,,0,0,0,0,null,0,1,0,home-pc,0,0
1601652415608,51160,localhost Disks I/O unit=mb:available,,,,,true,,0,0,0,0,null,0,1,0,home-pc,0,0
1601652415608,7783,localhost CPU user,,,,,true,,0,0,0,0,null,0,1,0,home-pc,0,0
1601652416608,10825578,localhost Memory unit=mb:used,,,,,true,,0,0,0,0,null,0,1,0,home-pc,0,0
1601652416608,51160,localhost Disks I/O unit=mb:available,,,,,true,,0,0,0,0,null,0,1,0,home-pc,0,0
1601652416608,6688,localhost CPU user,,,,,true,,0,0,0,0,null,0,1,0,home-pc,0,0
1601652417609,10825535,localhost Memory unit=mb:used,,,,,true,,0,0,0,0,null,0,1,0,home-pc,0,0
1601652417609,51160,localhost Disks I/O unit=mb:available,,,,,true,,0,0,0,0,null,0,1,0,home-pc,0,0
1601652417609,6814,localhost CPU user,,,,,true,,0,0,0,0,null,0,1,0,home-pc,0,0
1601652418610,10824386,localhost Memory unit=mb:used,,,,,true,,0,0,0,0,null,0,1,0,home-pc,0,0
1601652418610,51160,localhost Disks I/O unit=mb:available,,,,,true,,0,0,0,0,null,0,1,0,home-pc,0,0
1601652418610,6958,localhost CPU user,,,,,true,,0,0,0,0,null,0,1,0,home-pc,0,0
1601652419611,10825484,localhost Memory unit=mb:used,,,,,true,,0,0,0,0,null,0,1,0,home-pc,0,0
1601652419611,51160,localhost Disks I/O unit=mb:available,,,,,true,,0,0,0,0,null,0,1,0,home-pc,0,0
1601652419611,7260,localhost CPU user,,,,,true,,0,0,0,0,null,0,1,0,home-pc,0,0
1601652420611,10824683,localhost Memory unit=mb:used,,,,,true,,0,0,0,0,null,0,1,0,home-pc,0,0
1601652420611,51160,localhost Disks I/O unit=mb:available,,,,,true,,0,0,0,0,null,0,1,0,home-pc,0,0
1601652420611,9754,localhost CPU user,,,,,true,,0,0,0,0,null,0,1,0,home-pc,0,0
1601652421612,10823742,localhost Memory unit=mb:used,,,,,true,,0,0,0,0,null,0,1,0,home-pc,0,0
1601652421612,51159,localhost Disks I/O unit=mb:available,,,,,true,,0,0,0,0,null,0,1,0,home-pc,0,0
1601652421612,7644,localhost CPU user,,,,,true,,0,0,0,0,null,0,1,0,home-pc,0,0
1601652422613,10823136,localhost Memory unit=mb:used,,,,,true,,0,0,0,0,null,0,1,0,home-pc,0,0
1601652422613,51159,localhost Disks I/O unit=mb:available,,,,,true,,0,0,0,0,null,0,1,0,home-pc,0,0
1601652422613,5607,localhost CPU user,,,,,true,,0,0,0,0,null,0,1,0,home-pc,0,0
1601652423613,10823421,localhost Memory unit=mb:used,,,,,true,,0,0,0,0,null,0,1,0,home-pc,0,0
1601652423613,51158,localhost Disks I/O unit=mb:available,,,,,true,,0,0,0,0,null,0,1,0,home-pc,0,0
1601652423613,10010,localhost CPU user,,,,,true,,0,0,0,0,null,0,1,0,home-pc,0,0
1601652424613,10820515,localhost Memory unit=mb:used,,,,,true,,0,0,0,0,null,0,1,0,home-pc,0,0
1601652424613,51158,localhost Disks I/O unit=mb:available,,,,,true,,0,0,0,0,null,0,1,0,home-pc,0,0
1601652424613,4232,localhost CPU user,,,,,true,,0,0,0,0,null,0,1,0,home-pc,0,0
1601652425613,10820476,localhost Memory unit=mb:used,,,,,true,,0,0,0,0,null,0,1,0,home-pc,0,0
1601652425613,51158,localhost Disks I/O unit=mb:available,,,,,true,,0,0,0,0,null,0,1,0,home-pc,0,0
1601652425613,6285,localhost CPU user,,,,,true,,0,0,0,0,null,0,1,0,home-pc,0,0
1601652426614,10820386,localhost Memory unit=mb:used,,,,,true,,0,0,0,0,null,0,1,0,home-pc,0,0
1601652426614,51158,localhost Disks I/O unit=mb:available,,,,,true,,0,0,0,0,null,0,1,0,home-pc,0,0
1601652426614,7813,localhost CPU user,,,,,true,,0,0,0,0,null,0,1,0,home-pc,0,0
1601652427615,10819542,localhost Memory unit=mb:used,,,,,true,,0,0,0,0,null,0,1,0,home-pc,0,0
1601652427615,51158,localhost Disks I/O unit=mb:available,,,,,true,,0,0,0,0,null,0,1,0,home-pc,0,0
1601652427615,7412,localhost CPU user,,,,,true,,0,0,0,0,null,0,1,0,home-pc,0,0
1601652428615,10819011,localhost Memory unit=mb:used,,,,,true,,0,0,0,0,null,0,1,0,home-pc,0,0
1601652428615,51157,localhost Disks I/O unit=mb:available,,,,,true,,0,0,0,0,null,0,1,0,home-pc,0,0
1601652428615,8011,localhost CPU user,,,,,true,,0,0,0,0,null,0,1,0,home-pc,0,0
1601652429615,10818929,localhost Memory unit=mb:used,,,,,true,,0,0,0,0,null,0,1,0,home-pc,0,0
1601652429615,51157,localhost Disks I/O unit=mb:available,,,,,true,,0,0,0,0,null,0,1,0,home-pc,0,0
1601652429615,5649,localhost CPU user,,,,,true,,0,0,0,0,null,0,1,0,home-pc,0,0
1601652430616,10819046,localhost Memory unit=mb:used,,,,,true,,0,0,0,0,null,0,1,0,home-pc,0,0
1601652430616,51157,localhost Disks I/O unit=mb:available,,,,,true,,0,0,0,0,null,0,1,0,home-pc,0,0
1601652430616,6226,localhost CPU user,,,,,true,,0,0,0,0,null,0,1,0,home-pc,0,0
1601652431616,10818281,localhost Memory unit=mb:used,,,,,true,,0,0,0,0,null,0,1,0,home-pc,0,0
1601652431616,51156,localhost Disks I/O unit=mb:available,,,,,true,,0,0,0,0,null,0,1,0,home-pc,0,0
1601652431616,7248,localhost CPU user,,,,,true,,0,0,0,0,null,0,1,0,home-pc,0,0
1601652432616,10818250,localhost Memory unit=mb:used,,,,,true,,0,0,0,0,null,0,1,0,home-pc,0,0
1601652432616,51156,localhost Disks I/O unit=mb:available,,,,,true,,0,0,0,0,null,0,1,0,home-pc,0,0
1601652432616,5825,localhost CPU user,,,,,true,,0,0,0,0,null,0,1,0,home-pc,0,0
1601652433617,10818218,localhost Memory unit=mb:used,,,,,true,,0,0,0,0,null,0,1,0,home-pc,0,0
1601652433617,51156,localhost Disks I/O unit=mb:available,,,,,true,,0,0,0,0,null,0,1,0,home-pc,0,0
1601652433617,10292,localhost CPU user,,,,,true,,0,0,0,0,null,0,1,0,home-pc,0,0
1601652434618,10818210,localhost Memory unit=mb:used,,,,,true,,0,0,0,0,null,0,1,0,home-pc,0,0
1601652434618,51156,localhost Disks I/O unit=mb:available,,,,,true,,0,0,0,0,null,0,1,0,home-pc,0,0
1601652434618,6938,localhost CPU user,,,,,true,,0,0,0,0,null,0,1,0,home-pc,0,0
1601652435619,10818480,localhost Memory unit=mb:used,,,,,true,,0,0,0,0,null,0,1,0,home-pc,0,0
1601652435619,51155,localhost Disks I/O unit=mb:available,,,,,true,,0,0,0,0,null,0,1,0,home-pc,0,0
1601652435619,9147,localhost CPU user,,,,,true,,0,0,0,0,null,0,1,0,home-pc,0,0
1601652436619,10821339,localhost Memory unit=mb:used,,,,,true,,0,0,0,0,null,0,1,0,home-pc,0,0
1601652436619,51155,localhost Disks I/O unit=mb:available,,,,,true,,0,0,0,0,null,0,1,0,home-pc,0,0
1601652436619,6626,localhost CPU user,,,,,true,,0,0,0,0,null,0,1,0,home-pc,0,0
1601652437619,10821074,localhost Memory unit=mb:used,,,,,true,,0,0,0,0,null,0,1,0,home-pc,0,0
1601652437619,51155,localhost Disks I/O unit=mb:available,,,,,true,,0,0,0,0,null,0,1,0,home-pc,0,0
1601652437619,6060,localhost CPU user,,,,,true,,0,0,0,0,null,0,1,0,home-pc,0,0
1601652438620,10826281,localhost Memory unit=mb:used,,,,,true,,0,0,0,0,null,0,1,0,home-pc,0,0
1601652438620,51155,localhost Disks I/O unit=mb:available,,,,,true,,0,0,0,0,null,0,1,0,home-pc,0,0
1601652438620,7408,localhost CPU user,,,,,true,,0,0,0,0,null,0,1,0,home-pc,0,0
1601652439620,10825566,localhost Memory unit=mb:used,,,,,true,,0,0,0,0,null,0,1,0,home-pc,0,0
1601652439620,51155,localhost Disks I/O unit=mb:available,,,,,true,,0,0,0,0,null,0,1,0,home-pc,0,0
1601652439621,7212,localhost CPU user,,,,,true,,0,0,0,0,null,0,1,0,home-pc,0,0
1601652440621,10821644,localhost Memory unit=mb:used,,,,,true,,0,0,0,0,null,0,1,0,home-pc,0,0
1601652440621,51155,localhost Disks I/O unit=mb:available,,,,,true,,0,0,0,0,null,0,1,0,home-pc,0,0
1601652440621,7436,localhost CPU user,,,,,true,,0,0,0,0,null,0,1,0,home-pc,0,0
1601652441622,10820996,localhost Memory unit=mb:used,,,,,true,,0,0,0,0,null,0,1,0,home-pc,0,0
1601652441622,51154,localhost Disks I/O unit=mb:available,,,,,true,,0,0,0,0,null,0,1,0,home-pc,0,0
1601652441622,5462,localhost CPU user,,,,,true,,0,0,0,0,null,0,1,0,home-pc,0,0
1601652442622,10837769,localhost Memory unit=mb:used,,,,,true,,0,0,0,0,null,0,1,0,home-pc,0,0
1601652442622,51154,localhost Disks I/O unit=mb:available,,,,,true,,0,0,0,0,null,0,1,0,home-pc,0,0
1601652442623,7615,localhost CPU user,,,,,true,,0,0,0,0,null,0,1,0,home-pc,0,0
1601652443624,10835328,localhost Memory unit=mb:used,,,,,true,,0,0,0,0,null,0,1,0,home-pc,0,0
1601652443624,51153,localhost Disks I/O unit=mb:available,,,,,true,,0,0,0,0,null,0,1,0,home-pc,0,0
1601652443624,7410,localhost CPU user,,,,,true,,0,0,0,0,null,0,1,0,home-pc,0,0
1601652444624,10844812,localhost Memory unit=mb:used,,,,,true,,0,0,0,0,null,0,1,0,home-pc,0,0
1601652444624,51153,localhost Disks I/O unit=mb:available,,,,,true,,0,0,0,0,null,0,1,0,home-pc,0,0
1601652444624,6837,localhost CPU user,,,,,true,,0,0,0,0,null,0,1,0,home-pc,0,0
1601652445624,10836539,localhost Memory unit=mb:used,,,,,true,,0,0,0,0,null,0,1,0,home-pc,0,0
1601652445624,51153,localhost Disks I/O unit=mb:available,,,,,true,,0,0,0,0,null,0,1,0,home-pc,0,0
1601652445624,7183,localhost CPU user,,,,,true,,0,0,0,0,null,0,1,0,home-pc,0,0
1601652446625,10829609,localhost Memory unit=mb:used,,,,,true,,0,0,0,0,null,0,1,0,home-pc,0,0
1601652446625,51153,localhost Disks I/O unit=mb:available,,,,,true,,0,0,0,0,null,0,1,0,home-pc,0,0
1601652446625,7436,localhost CPU user,,,,,true,,0,0,0,0,null,0,1,0,home-pc,0,0
1601652447625,10823878,localhost Memory unit=mb:used,,,,,true,,0,0,0,0,null,0,1,0,home-pc,0,0
1601652447625,51152,localhost Disks I/O unit=mb:available,,,,,true,,0,0,0,0,null,0,1,0,home-pc,0,0
1601652447625,5861,localhost CPU user,,,,,true,,0,0,0,0,null,0,1,0,home-pc,0,0
1601652448626,10818109,localhost Memory unit=mb:used,,,,,true,,0,0,0,0,null,0,1,0,home-pc,0,0
1601652448626,51152,localhost Disks I/O unit=mb:available,,,,,true,,0,0,0,0,null,0,1,0,home-pc,0,0
1601652448626,5627,localhost CPU user,,,,,true,,0,0,0,0,null,0,1,0,home-pc,0,0
1601652449626,10817855,localhost Memory unit=mb:used,,,,,true,,0,0,0,0,null,0,1,0,home-pc,0,0
1601652449626,51152,localhost Disks I/O unit=mb:available,,,,,true,,0,0,0,0,null,0,1,0,home-pc,0,0
1601652449626,6638,localhost CPU user,,,,,true,,0,0,0,0,null,0,1,0,home-pc,0,0
1601652450627,10817140,localhost Memory unit=mb:used,,,,,true,,0,0,0,0,null,0,1,0,home-pc,0,0
1601652450627,51152,localhost Disks I/O unit=mb:available,,,,,true,,0,0,0,0,null,0,1,0,home-pc,0,0
1601652450627,6049,localhost CPU user,,,,,true,,0,0,0,0,null,0,1,0,home-pc,0,0
1601652451627,10817808,localhost Memory unit=mb:used,,,,,true,,0,0,0,0,null,0,1,0,home-pc,0,0
1601652451627,51151,localhost Disks I/O unit=mb:available,,,,,true,,0,0,0,0,null,0,1,0,home-pc,0,0
1601652451627,5875,localhost CPU user,,,,,true,,0,0,0,0,null,0,1,0,home-pc,0,0
1601652452628,10817753,localhost Memory unit=mb:used,,,,,true,,0,0,0,0,null,0,1,0,home-pc,0,0
1601652452628,51151,localhost Disks I/O unit=mb:available,,,,,true,,0,0,0,0,null,0,1,0,home-pc,0,0
1601652452628,5063,localhost CPU user,,,,,true,,0,0,0,0,null,0,1,0,home-pc,0,0
1601652453628,10817511,localhost Memory unit=mb:used,,,,,true,,0,0,0,0,null,0,1,0,home-pc,0,0
1601652453628,51151,localhost Disks I/O unit=mb:available,,,,,true,,0,0,0,0,null,0,1,0,home-pc,0,0
1601652453628,5862,localhost CPU user,,,,,true,,0,0,0,0,null,0,1,0,home-pc,0,0
1601652454629,10817445,localhost Memory unit=mb:used,,,,,true,,0,0,0,0,null,0,1,0,home-pc,0,0
1601652454629,51151,localhost Disks I/O unit=mb:available,,,,,true,,0,0,0,0,null,0,1,0,home-pc,0,0
1601652454629,4875,localhost CPU user,,,,,true,,0,0,0,0,null,0,1,0,home-pc,0,0
1601652455630,10816515,localhost Memory unit=mb:used,,,,,true,,0,0,0,0,null,0,1,0,home-pc,0,0
1601652455630,51151,localhost Disks I/O unit=mb:available,,,,,true,,0,0,0,0,null,0,1,0,home-pc,0,0
1601652455630,7399,localhost CPU user,,,,,true,,0,0,0,0,null,0,1,0,home-pc,0,0
1601652456631,10816460,localhost Memory unit=mb:used,,,,,true,,0,0,0,0,null,0,1,0,home-pc,0,0
1601652456631,51150,localhost Disks I/O unit=mb:available,,,,,true,,0,0,0,0,null,0,1,0,home-pc,0,0
1601652456631,4711,localhost CPU user,,,,,true,,0,0,0,0,null,0,1,0,home-pc,0,0
1601652457631,10816308,localhost Memory unit=mb:used,,,,,true,,0,0,0,0,null,0,1,0,home-pc,0,0
1601652457631,51150,localhost Disks I/O unit=mb:available,,,,,true,,0,0,0,0,null,0,1,0,home-pc,0,0
1601652457631,8357,localhost CPU user,,,,,true,,0,0,0,0,null,0,1,0,home-pc,0,0
1601652458632,10815925,localhost Memory unit=mb:used,,,,,true,,0,0,0,0,null,0,1,0,home-pc,0,0
1601652458632,51150,localhost Disks I/O unit=mb:available,,,,,true,,0,0,0,0,null,0,1,0,home-pc,0,0
1601652458632,7410,localhost CPU user,,,,,true,,0,0,0,0,null,0,1,0,home-pc,0,0
1601652459633,10815707,localhost Memory unit=mb:used,,,,,true,,0,0,0,0,null,0,1,0,home-pc,0,0
1601652459633,51150,localhost Disks I/O unit=mb:available,,,,,true,,0,0,0,0,null,0,1,0,home-pc,0,0
1601652459633,5264,localhost CPU user,,,,,true,,0,0,0,0,null,0,1,0,home-pc,0,0
1601652460633,10817601,localhost Memory unit=mb:used,,,,,true,,0,0,0,0,null,0,1,0,home-pc,0,0
1601652460633,51150,localhost Disks I/O unit=mb:available,,,,,true,,0,0,0,0,null,0,1,0,home-pc,0,0
1601652460633,5826,localhost CPU user,,,,,true,,0,0,0,0,null,0,1,0,home-pc,0,0
1601652461633,10817355,localhost Memory unit=mb:used,,,,,true,,0,0,0,0,null,0,1,0,home-pc,0,0
1601652461633,51149,localhost Disks I/O unit=mb:available,,,,,true,,0,0,0,0,null,0,1,0,home-pc,0,0
1601652461633,7186,localhost CPU user,,,,,true,,0,0,0,0,null,0,1,0,home-pc,0,0
1601652462633,10821843,localhost Memory unit=mb:used,,,,,true,,0,0,0,0,null,0,1,0,home-pc,0,0
1601652462633,51149,localhost Disks I/O unit=mb:available,,,,,true,,0,0,0,0,null,0,1,0,home-pc,0,0
1601652462633,4498,localhost CPU user,,,,,true,,0,0,0,0,null,0,1,0,home-pc,0,0
1601652463634,10823000,localhost Memory unit=mb:used,,,,,true,,0,0,0,0,null,0,1,0,home-pc,0,0
1601652463634,51149,localhost Disks I/O unit=mb:available,,,,,true,,0,0,0,0,null,0,1,0,home-pc,0,0
1601652463634,6085,localhost CPU user,,,,,true,,0,0,0,0,null,0,1,0,home-pc,0,0
1601652464635,10822843,localhost Memory unit=mb:used,,,,,true,,0,0,0,0,null,0,1,0,home-pc,0,0
1601652464635,51149,localhost Disks I/O unit=mb:available,,,,,true,,0,0,0,0,null,0,1,0,home-pc,0,0
1601652464635,6590,localhost CPU user,,,,,true,,0,0,0,0,null,0,1,0,home-pc,0,0
1601652465635,10822882,localhost Memory unit=mb:used,,,,,true,,0,0,0,0,null,0,1,0,home-pc,0,0
1601652465635,51149,localhost Disks I/O unit=mb:available,,,,,true,,0,0,0,0,null,0,1,0,home-pc,0,0
1601652465635,6060,localhost CPU user,,,,,true,,0,0,0,0,null,0,1,0,home-pc,0,0
1601652466636,10823027,localhost Memory unit=mb:used,,,,,true,,0,0,0,0,null,0,1,0,home-pc,0,0
1601652466636,51148,localhost Disks I/O unit=mb:available,,,,,true,,0,0,0,0,null,0,1,0,home-pc,0,0
1601652466636,6153,localhost CPU user,,,,,true,,0,0,0,0,null,0,1,0,home-pc,0,0
1601652467637,10823031,localhost Memory unit=mb:used,,,,,true,,0,0,0,0,null,0,1,0,home-pc,0,0
1601652467637,51148,localhost Disks I/O unit=mb:available,,,,,true,,0,0,0,0,null,0,1,0,home-pc,0,0
1601652467637,6851,localhost CPU user,,,,,true,,0,0,0,0,null,0,1,0,home-pc,0,0
1601652468637,10823496,localhost Memory unit=mb:used,,,,,true,,0,0,0,0,null,0,1,0,home-pc,0,0
1601652468637,51148,localhost Disks I/O unit=mb:available,,,,,true,,0,0,0,0,null,0,1,0,home-pc,0,0
1601652468638,6810,localhost CPU user,,,,,true,,0,0,0,0,null,0,1,0,home-pc,0,0
1601652469639,10822824,localhost Memory unit=mb:used,,,,,true,,0,0,0,0,null,0,1,0,home-pc,0,0
1601652469639,51148,localhost Disks I/O unit=mb:available,,,,,true,,0,0,0,0,null,0,1,0,home-pc,0,0
1601652469639,4885,localhost CPU user,,,,,true,,0,0,0,0,null,0,1,0,home-pc,0,0
1601652470640,10821273,localhost Memory unit=mb:used,,,,,true,,0,0,0,0,null,0,1,0,home-pc,0,0
1601652470640,51147,localhost Disks I/O unit=mb:available,,,,,true,,0,0,0,0,null,0,1,0,home-pc,0,0
1601652470640,5872,localhost CPU user,,,,,true,,0,0,0,0,null,0,1,0,home-pc,0,0
1601652471641,10819855,localhost Memory unit=mb:used,,,,,true,,0,0,0,0,null,0,1,0,home-pc,0,0
1601652471641,51147,localhost Disks I/O unit=mb:available,,,,,true,,0,0,0,0,null,0,1,0,home-pc,0,0
1601652471641,3708,localhost CPU user,,,,,true,,0,0,0,0,null,0,1,0,home-pc,0,0
1601652472642,10819625,localhost Memory unit=mb:used,,,,,true,,0,0,0,0,null,0,1,0,home-pc,0,0
1601652472642,51147,localhost Disks I/O unit=mb:available,,,,,true,,0,0,0,0,null,0,1,0,home-pc,0,0
1601652472643,7208,localhost CPU user,,,,,true,,0,0,0,0,null,0,1,0,home-pc,0,0
1601652473644,10828757,localhost Memory unit=mb:used,,,,,true,,0,0,0,0,null,0,1,0,home-pc,0,0
1601652473644,51147,localhost Disks I/O unit=mb:available,,,,,true,,0,0,0,0,null,0,1,0,home-pc,0,0
1601652473645,11503,localhost CPU user,,,,,true,,0,0,0,0,null,0,1,0,home-pc,0,0
1601652474645,10830644,localhost Memory unit=mb:used,,,,,true,,0,0,0,0,null,0,1,0,home-pc,0,0
1601652474645,51146,localhost Disks I/O unit=mb:available,,,,,true,,0,0,0,0,null,0,1,0,home-pc,0,0
1601652474645,9793,localhost CPU user,,,,,true,,0,0,0,0,null,0,1,0,home-pc,0,0
1601652475656,10830417,localhost Memory unit=mb:used,,,,,true,,0,0,0,0,null,0,1,0,home-pc,0,0
1601652475656,51146,localhost Disks I/O unit=mb:available,,,,,true,,0,0,0,0,null,0,1,0,home-pc,0,0
1601652475656,9128,localhost CPU user,,,,,true,,0,0,0,0,null,0,1,0,home-pc,0,0
1601652476657,10836625,localhost Memory unit=mb:used,,,,,true,,0,0,0,0,null,0,1,0,home-pc,0,0
1601652476657,51145,localhost Disks I/O unit=mb:available,,,,,true,,0,0,0,0,null,0,1,0,home-pc,0,0
1601652476658,9947,localhost CPU user,,,,,true,,0,0,0,0,null,0,1,0,home-pc,0,0
1601652477658,10830828,localhost Memory unit=mb:used,,,,,true,,0,0,0,0,null,0,1,0,home-pc,0,0
1601652477659,51145,localhost Disks I/O unit=mb:available,,,,,true,,0,0,0,0,null,0,1,0,home-pc,0,0
1601652477659,8950,localhost CPU user,,,,,true,,0,0,0,0,null,0,1,0,home-pc,0,0
1601652478660,10831953,localhost Memory unit=mb:used,,,,,true,,0,0,0,0,null,0,1,0,home-pc,0,0
1601652478660,51145,localhost Disks I/O unit=mb:available,,,,,true,,0,0,0,0,null,0,1,0,home-pc,0,0
1601652478661,25729,localhost CPU user,,,,,true,,0,0,0,0,null,0,1,0,home-pc,0,0
1601652479662,10845152,localhost Memory unit=mb:used,,,,,true,,0,0,0,0,null,0,1,0,home-pc,0,0
1601652479663,51145,localhost Disks I/O unit=mb:available,,,,,true,,0,0,0,0,null,0,1,0,home-pc,0,0
1601652479663,29683,localhost CPU user,,,,,true,,0,0,0,0,null,0,1,0,home-pc,0,0
1601652480664,10853742,localhost Memory unit=mb:used,,,,,true,,0,0,0,0,null,0,1,0,home-pc,0,0
1601652480664,51144,localhost Disks I/O unit=mb:available,,,,,true,,0,0,0,0,null,0,1,0,home-pc,0,0
1601652480665,12656,localhost CPU user,,,,,true,,0,0,0,0,null,0,1,0,home-pc,0,0
1601652481665,10857417,localhost Memory unit=mb:used,,,,,true,,0,0,0,0,null,0,1,0,home-pc,0,0
1601652481666,51144,localhost Disks I/O unit=mb:available,,,,,true,,0,0,0,0,null,0,1,0,home-pc,0,0
1601652481666,13182,localhost CPU user,,,,,true,,0,0,0,0,null,0,1,0,home-pc,0,0
1601652482666,10887714,localhost Memory unit=mb:used,,,,,true,,0,0,0,0,null,0,1,0,home-pc,0,0
1601652482666,51144,localhost Disks I/O unit=mb:available,,,,,true,,0,0,0,0,null,0,1,0,home-pc,0,0
1601652482667,16151,localhost CPU user,,,,,true,,0,0,0,0,null,0,1,0,home-pc,0,0
1601652483668,10951375,localhost Memory unit=mb:used,,,,,true,,0,0,0,0,null,0,1,0,home-pc,0,0
1601652483668,51143,localhost Disks I/O unit=mb:available,,,,,true,,0,0,0,0,null,0,1,0,home-pc,0,0
1601652483668,19457,localhost CPU user,,,,,true,,0,0,0,0,null,0,1,0,home-pc,0,0
1601652484669,10969179,localhost Memory unit=mb:used,,,,,true,,0,0,0,0,null,0,1,0,home-pc,0,0
1601652484669,51143,localhost Disks I/O unit=mb:available,,,,,true,,0,0,0,0,null,0,1,0,home-pc,0,0
1601652484669,22075,localhost CPU user,,,,,true,,0,0,0,0,null,0,1,0,home-pc,0,0
1601652485669,11036855,localhost Memory unit=mb:used,,,,,true,,0,0,0,0,null,0,1,0,home-pc,0,0
1601652485670,51143,localhost Disks I/O unit=mb:available,,,,,true,,0,0,0,0,null,0,1,0,home-pc,0,0
1601652485670,25327,localhost CPU user,,,,,true,,0,0,0,0,null,0,1,0,home-pc,0,0
1601652486671,11071539,localhost Memory unit=mb:used,,,,,true,,0,0,0,0,null,0,1,0,home-pc,0,0
1601652486672,51142,localhost Disks I/O unit=mb:available,,,,,true,,0,0,0,0,null,0,1,0,home-pc,0,0
1601652486672,49919,localhost CPU user,,,,,true,,0,0,0,0,null,0,1,0,home-pc,0,0
1601652487673,11084363,localhost Memory unit=mb:used,,,,,true,,0,0,0,0,null,0,1,0,home-pc,0,0
1601652487674,51142,localhost Disks I/O unit=mb:available,,,,,true,,0,0,0,0,null,0,1,0,home-pc,0,0
1601652487674,54579,localhost CPU user,,,,,true,,0,0,0,0,null,0,1,0,home-pc,0,0
1601652488675,11074539,localhost Memory unit=mb:used,,,,,true,,0,0,0,0,null,0,1,0,home-pc,0,0
1601652488675,51142,localhost Disks I/O unit=mb:available,,,,,true,,0,0,0,0,null,0,1,0,home-pc,0,0
1601652488675,26615,localhost CPU user,,,,,true,,0,0,0,0,null,0,1,0,home-pc,0,0
1601652489676,11047910,localhost Memory unit=mb:used,,,,,true,,0,0,0,0,null,0,1,0,home-pc,0,0
1601652489676,51141,localhost Disks I/O unit=mb:available,,,,,true,,0,0,0,0,null,0,1,0,home-pc,0,0
1601652489677,8570,localhost CPU user,,,,,true,,0,0,0,0,null,0,1,0,home-pc,0,0
1601652490678,11044121,localhost Memory unit=mb:used,,,,,true,,0,0,0,0,null,0,1,0,home-pc,0,0
1601652490678,51141,localhost Disks I/O unit=mb:available,,,,,true,,0,0,0,0,null,0,1,0,home-pc,0,0
1601652490679,5663,localhost CPU user,,,,,true,,0,0,0,0,null,0,1,0,home-pc,0,0
1601652491679,11038757,localhost Memory unit=mb:used,,,,,true,,0,0,0,0,null,0,1,0,home-pc,0,0
1601652491679,51141,localhost Disks I/O unit=mb:available,,,,,true,,0,0,0,0,null,0,1,0,home-pc,0,0
1601652491679,7773,localhost CPU user,,,,,true,,0,0,0,0,null,0,1,0,home-pc,0,0
1601652492681,11041031,localhost Memory unit=mb:used,,,,,true,,0,0,0,0,null,0,1,0,home-pc,0,0
1601652492681,51140,localhost Disks I/O unit=mb:available,,,,,true,,0,0,0,0,null,0,1,0,home-pc,0,0
1601652492681,20860,localhost CPU user,,,,,true,,0,0,0,0,null,0,1,0,home-pc,0,0
1601652493682,11037046,localhost Memory unit=mb:used,,,,,true,,0,0,0,0,null,0,1,0,home-pc,0,0
1601652493682,51140,localhost Disks I/O unit=mb:available,,,,,true,,0,0,0,0,null,0,1,0,home-pc,0,0
1601652493683,10881,localhost CPU user,,,,,true,,0,0,0,0,null,0,1,0,home-pc,0,0
1601652494683,11040015,localhost Memory unit=mb:used,,,,,true,,0,0,0,0,null,0,1,0,home-pc,0,0
1601652494683,51140,localhost Disks I/O unit=mb:available,,,,,true,,0,0,0,0,null,0,1,0,home-pc,0,0
1601652494684,16760,localhost CPU user,,,,,true,,0,0,0,0,null,0,1,0,home-pc,0,0
1601652495685,11038687,localhost Memory unit=mb:used,,,,,true,,0,0,0,0,null,0,1,0,home-pc,0,0
1601652495685,51140,localhost Disks I/O unit=mb:available,,,,,true,,0,0,0,0,null,0,1,0,home-pc,0,0
1601652495685,5476,localhost CPU user,,,,,true,,0,0,0,0,null,0,1,0,home-pc,0,0
1601652496685,11014789,localhost Memory unit=mb:used,,,,,true,,0,0,0,0,null,0,1,0,home-pc,0,0
1601652496685,51139,localhost Disks I/O unit=mb:available,,,,,true,,0,0,0,0,null,0,1,0,home-pc,0,0
1601652496686,8244,localhost CPU user,,,,,true,,0,0,0,0,null,0,1,0,home-pc,0,0
1601652497686,11013890,localhost Memory unit=mb:used,,,,,true,,0,0,0,0,null,0,1,0,home-pc,0,0
1601652497686,51139,localhost Disks I/O unit=mb:available,,,,,true,,0,0,0,0,null,0,1,0,home-pc,0,0
1601652497686,8815,localhost CPU user,,,,,true,,0,0,0,0,null,0,1,0,home-pc,0,0
1601652498687,11014101,localhost Memory unit=mb:used,,,,,true,,0,0,0,0,null,0,1,0,home-pc,0,0
1601652498687,51138,localhost Disks I/O unit=mb:available,,,,,true,,0,0,0,0,null,0,1,0,home-pc,0,0
1601652498688,12289,localhost CPU user,,,,,true,,0,0,0,0,null,0,1,0,home-pc,0,0
1601652499688,11011808,localhost Memory unit=mb:used,,,,,true,,0,0,0,0,null,0,1,0,home-pc,0,0
1601652499689,51138,localhost Disks I/O unit=mb:available,,,,,true,,0,0,0,0,null,0,1,0,home-pc,0,0
1601652499689,6811,localhost CPU user,,,,,true,,0,0,0,0,null,0,1,0,home-pc,0,0
1601652500690,11009824,localhost Memory unit=mb:used,,,,,true,,0,0,0,0,null,0,1,0,home-pc,0,0
1601652500690,51138,localhost Disks I/O unit=mb:available,,,,,true,,0,0,0,0,null,0,1,0,home-pc,0,0
1601652500691,6238,localhost CPU user,,,,,true,,0,0,0,0,null,0,1,0,home-pc,0,0
1601652501691,11010800,localhost Memory unit=mb:used,,,,,true,,0,0,0,0,null,0,1,0,home-pc,0,0
1601652501691,51138,localhost Disks I/O unit=mb:available,,,,,true,,0,0,0,0,null,0,1,0,home-pc,0,0
1601652501691,8354,localhost CPU user,,,,,true,,0,0,0,0,null,0,1,0,home-pc,0,0
1601652502692,11015687,localhost Memory unit=mb:used,,,,,true,,0,0,0,0,null,0,1,0,home-pc,0,0
1601652502692,51137,localhost Disks I/O unit=mb:available,,,,,true,,0,0,0,0,null,0,1,0,home-pc,0,0
1601652502692,6847,localhost CPU user,,,,,true,,0,0,0,0,null,0,1,0,home-pc,0,0
1601652503694,11012996,localhost Memory unit=mb:used,,,,,true,,0,0,0,0,null,0,1,0,home-pc,0,0
1601652503694,51137,localhost Disks I/O unit=mb:available,,,,,true,,0,0,0,0,null,0,1,0,home-pc,0,0
1601652503694,8023,localhost CPU user,,,,,true,,0,0,0,0,null,0,1,0,home-pc,0,0
1601652504695,11011152,localhost Memory unit=mb:used,,,,,true,,0,0,0,0,null,0,1,0,home-pc,0,0
1601652504695,51137,localhost Disks I/O unit=mb:available,,,,,true,,0,0,0,0,null,0,1,0,home-pc,0,0
1601652504695,8999,localhost CPU user,,,,,true,,0,0,0,0,null,0,1,0,home-pc,0,0
1601652505697,11009632,localhost Memory unit=mb:used,,,,,true,,0,0,0,0,null,0,1,0,home-pc,0,0
1601652505697,51136,localhost Disks I/O unit=mb:available,,,,,true,,0,0,0,0,null,0,1,0,home-pc,0,0
1601652505697,7395,localhost CPU user,,,,,true,,0,0,0,0,null,0,1,0,home-pc,0,0
1601652506699,11009621,localhost Memory unit=mb:used,,,,,true,,0,0,0,0,null,0,1,0,home-pc,0,0
1601652506699,51136,localhost Disks I/O unit=mb:available,,,,,true,,0,0,0,0,null,0,1,0,home-pc,0,0
1601652506700,7829,localhost CPU user,,,,,true,,0,0,0,0,null,0,1,0,home-pc,0,0
1601652507700,11008828,localhost Memory unit=mb:used,,,,,true,,0,0,0,0,null,0,1,0,home-pc,0,0
1601652507700,51135,localhost Disks I/O unit=mb:available,,,,,true,,0,0,0,0,null,0,1,0,home-pc,0,0
1601652507701,11090,localhost CPU user,,,,,true,,0,0,0,0,null,0,1,0,home-pc,0,0
1601652508701,11007777,localhost Memory unit=mb:used,,,,,true,,0,0,0,0,null,0,1,0,home-pc,0,0
1601652508702,51135,localhost Disks I/O unit=mb:available,,,,,true,,0,0,0,0,null,0,1,0,home-pc,0,0
1601652508702,7798,localhost CPU user,,,,,true,,0,0,0,0,null,0,1,0,home-pc,0,0
1601652509702,11007726,localhost Memory unit=mb:used,,,,,true,,0,0,0,0,null,0,1,0,home-pc,0,0
1601652509703,51135,localhost Disks I/O unit=mb:available,,,,,true,,0,0,0,0,null,0,1,0,home-pc,0,0
1601652509703,7755,localhost CPU user,,,,,true,,0,0,0,0,null,0,1,0,home-pc,0,0
1601652510704,11008167,localhost Memory unit=mb:used,,,,,true,,0,0,0,0,null,0,1,0,home-pc,0,0
1601652510704,51135,localhost Disks I/O unit=mb:available,,,,,true,,0,0,0,0,null,0,1,0,home-pc,0,0
1601652510704,7425,localhost CPU user,,,,,true,,0,0,0,0,null,0,1,0,home-pc,0,0
1601652511705,11011593,localhost Memory unit=mb:used,,,,,true,,0,0,0,0,null,0,1,0,home-pc,0,0
1601652511705,51134,localhost Disks I/O unit=mb:available,,,,,true,,0,0,0,0,null,0,1,0,home-pc,0,0
1601652511706,8783,localhost CPU user,,,,,true,,0,0,0,0,null,0,1,0,home-pc,0,0
1601652512706,11014140,localhost Memory unit=mb:used,,,,,true,,0,0,0,0,null,0,1,0,home-pc,0,0
1601652512706,51134,localhost Disks I/O unit=mb:available,,,,,true,,0,0,0,0,null,0,1,0,home-pc,0,0
1601652512706,9914,localhost CPU user,,,,,true,,0,0,0,0,null,0,1,0,home-pc,0,0
1601652513708,11012917,localhost Memory unit=mb:used,,,,,true,,0,0,0,0,null,0,1,0,home-pc,0,0
1601652513708,51134,localhost Disks I/O unit=mb:available,,,,,true,,0,0,0,0,null,0,1,0,home-pc,0,0
1601652513709,8397,localhost CPU user,,,,,true,,0,0,0,0,null,0,1,0,home-pc,0,0
1601652514709,11011136,localhost Memory unit=mb:used,,,,,true,,0,0,0,0,null,0,1,0,home-pc,0,0
1601652514709,51133,localhost Disks I/O unit=mb:available,,,,,true,,0,0,0,0,null,0,1,0,home-pc,0,0
1601652514710,7811,localhost CPU user,,,,,true,,0,0,0,0,null,0,1,0,home-pc,0,0
1601652515710,11009730,localhost Memory unit=mb:used,,,,,true,,0,0,0,0,null,0,1,0,home-pc,0,0
1601652515710,51133,localhost Disks I/O unit=mb:available,,,,,true,,0,0,0,0,null,0,1,0,home-pc,0,0
1601652515711,9753,localhost CPU user,,,,,true,,0,0,0,0,null,0,1,0,home-pc,0,0
1601652516712,11009882,localhost Memory unit=mb:used,,,,,true,,0,0,0,0,null,0,1,0,home-pc,0,0
1601652516713,51133,localhost Disks I/O unit=mb:available,,,,,true,,0,0,0,0,null,0,1,0,home-pc,0,0
1601652516713,6028,localhost CPU user,,,,,true,,0,0,0,0,null,0,1,0,home-pc,0,0
1601652517714,11009558,localhost Memory unit=mb:used,,,,,true,,0,0,0,0,null,0,1,0,home-pc,0,0
1601652517715,51132,localhost Disks I/O unit=mb:available,,,,,true,,0,0,0,0,null,0,1,0,home-pc,0,0
1601652517715,9941,localhost CPU user,,,,,true,,0,0,0,0,null,0,1,0,home-pc,0,0
1601652518715,11009519,localhost Memory unit=mb:used,,,,,true,,0,0,0,0,null,0,1,0,home-pc,0,0
1601652518716,51132,localhost Disks I/O unit=mb:available,,,,,true,,0,0,0,0,null,0,1,0,home-pc,0,0
1601652518716,5109,localhost CPU user,,,,,true,,0,0,0,0,null,0,1,0,home-pc,0,0
1601652519717,11009203,localhost Memory unit=mb:used,,,,,true,,0,0,0,0,null,0,1,0,home-pc,0,0
1601652519717,51132,localhost Disks I/O unit=mb:available,,,,,true,,0,0,0,0,null,0,1,0,home-pc,0,0
1601652519718,8587,localhost CPU user,,,,,true,,0,0,0,0,null,0,1,0,home-pc,0,0
1601652520719,11009656,localhost Memory unit=mb:used,,,,,true,,0,0,0,0,null,0,1,0,home-pc,0,0
1601652520720,51132,localhost Disks I/O unit=mb:available,,,,,true,,0,0,0,0,null,0,1,0,home-pc,0,0
1601652520720,7001,localhost CPU user,,,,,true,,0,0,0,0,null,0,1,0,home-pc,0,0
1601652521720,11013785,localhost Memory unit=mb:used,,,,,true,,0,0,0,0,null,0,1,0,home-pc,0,0
1601652521721,51131,localhost Disks I/O unit=mb:available,,,,,true,,0,0,0,0,null,0,1,0,home-pc,0,0
1601652521721,9179,localhost CPU user,,,,,true,,0,0,0,0,null,0,1,0,home-pc,0,0
1601652522722,11015171,localhost Memory unit=mb:used,,,,,true,,0,0,0,0,null,0,1,0,home-pc,0,0
1601652522723,51131,localhost Disks I/O unit=mb:available,,,,,true,,0,0,0,0,null,0,1,0,home-pc,0,0
1601652522723,7211,localhost CPU user,,,,,true,,0,0,0,0,null,0,1,0,home-pc,0,0
1601652523724,11014285,localhost Memory unit=mb:used,,,,,true,,0,0,0,0,null,0,1,0,home-pc,0,0
1601652523725,51130,localhost Disks I/O unit=mb:available,,,,,true,,0,0,0,0,null,0,1,0,home-pc,0,0
1601652523725,10750,localhost CPU user,,,,,true,,0,0,0,0,null,0,1,0,home-pc,0,0
1601652524725,11014175,localhost Memory unit=mb:used,,,,,true,,0,0,0,0,null,0,1,0,home-pc,0,0
1601652524726,51130,localhost Disks I/O unit=mb:available,,,,,true,,0,0,0,0,null,0,1,0,home-pc,0,0
1601652524726,9583,localhost CPU user,,,,,true,,0,0,0,0,null,0,1,0,home-pc,0,0
1601652525727,11014890,localhost Memory unit=mb:used,,,,,true,,0,0,0,0,null,0,1,0,home-pc,0,0
1601652525728,51130,localhost Disks I/O unit=mb:available,,,,,true,,0,0,0,0,null,0,1,0,home-pc,0,0
1601652525728,8702,localhost CPU user,,,,,true,,0,0,0,0,null,0,1,0,home-pc,0,0
1601652526728,11020011,localhost Memory unit=mb:used,,,,,true,,0,0,0,0,null,0,1,0,home-pc,0,0
1601652526729,51130,localhost Disks I/O unit=mb:available,,,,,true,,0,0,0,0,null,0,1,0,home-pc,0,0
1601652526729,5628,localhost CPU user,,,,,true,,0,0,0,0,null,0,1,0,home-pc,0,0
1601652527730,11018824,localhost Memory unit=mb:used,,,,,true,,0,0,0,0,null,0,1,0,home-pc,0,0
1601652527730,51129,localhost Disks I/O unit=mb:available,,,,,true,,0,0,0,0,null,0,1,0,home-pc,0,0
1601652527730,12500,localhost CPU user,,,,,true,,0,0,0,0,null,0,1,0,home-pc,0,0
1601652528732,11019203,localhost Memory unit=mb:used,,,,,true,,0,0,0,0,null,0,1,0,home-pc,0,0
1601652528733,51129,localhost Disks I/O unit=mb:available,,,,,true,,0,0,0,0,null,0,1,0,home-pc,0,0
1601652528733,9942,localhost CPU user,,,,,true,,0,0,0,0,null,0,1,0,home-pc,0,0
1601652529733,11019750,localhost Memory unit=mb:used,,,,,true,,0,0,0,0,null,0,1,0,home-pc,0,0
1601652529734,51129,localhost Disks I/O unit=mb:available,,,,,true,,0,0,0,0,null,0,1,0,home-pc,0,0
1601652529734,6238,localhost CPU user,,,,,true,,0,0,0,0,null,0,1,0,home-pc,0,0
1601652530734,11020535,localhost Memory unit=mb:used,,,,,true,,0,0,0,0,null,0,1,0,home-pc,0,0
1601652530735,51128,localhost Disks I/O unit=mb:available,,,,,true,,0,0,0,0,null,0,1,0,home-pc,0,0
1601652530735,10328,localhost CPU user,,,,,true,,0,0,0,0,null,0,1,0,home-pc,0,0
1601652531736,11021234,localhost Memory unit=mb:used,,,,,true,,0,0,0,0,null,0,1,0,home-pc,0,0
1601652531737,51128,localhost Disks I/O unit=mb:available,,,,,true,,0,0,0,0,null,0,1,0,home-pc,0,0
1601652531737,8570,localhost CPU user,,,,,true,,0,0,0,0,null,0,1,0,home-pc,0,0
1601652532737,11021718,localhost Memory unit=mb:used,,,,,true,,0,0,0,0,null,0,1,0,home-pc,0,0
1601652532738,51127,localhost Disks I/O unit=mb:available,,,,,true,,0,0,0,0,null,0,1,0,home-pc,0,0
1601652532738,6063,localhost CPU user,,,,,true,,0,0,0,0,null,0,1,0,home-pc,0,0
1601652533739,11021417,localhost Memory unit=mb:used,,,,,true,,0,0,0,0,null,0,1,0,home-pc,0,0
1601652533740,51127,localhost Disks I/O unit=mb:available,,,,,true,,0,0,0,0,null,0,1,0,home-pc,0,0
1601652533740,8210,localhost CPU user,,,,,true,,0,0,0,0,null,0,1,0,home-pc,0,0
1601652534741,11021273,localhost Memory unit=mb:used,,,,,true,,0,0,0,0,null,0,1,0,home-pc,0,0
1601652534742,51127,localhost Disks I/O unit=mb:available,,,,,true,,0,0,0,0,null,0,1,0,home-pc,0,0
1601652534742,10103,localhost CPU user,,,,,true,,0,0,0,0,null,0,1,0,home-pc,0,0
1601652535742,11022472,localhost Memory unit=mb:used,,,,,true,,0,0,0,0,null,0,1,0,home-pc,0,0
1601652535743,51126,localhost Disks I/O unit=mb:available,,,,,true,,0,0,0,0,null,0,1,0,home-pc,0,0
1601652535743,9960,localhost CPU user,,,,,true,,0,0,0,0,null,0,1,0,home-pc,0,0
1601652536743,11022953,localhost Memory unit=mb:used,,,,,true,,0,0,0,0,null,0,1,0,home-pc,0,0
1601652536743,51126,localhost Disks I/O unit=mb:available,,,,,true,,0,0,0,0,null,0,1,0,home-pc,0,0
1601652536744,7599,localhost CPU user,,,,,true,,0,0,0,0,null,0,1,0,home-pc,0,0
1601652537744,11021578,localhost Memory unit=mb:used,,,,,true,,0,0,0,0,null,0,1,0,home-pc,0,0
1601652537744,51125,localhost Disks I/O unit=mb:available,,,,,true,,0,0,0,0,null,0,1,0,home-pc,0,0
1601652537744,8400,localhost CPU user,,,,,true,,0,0,0,0,null,0,1,0,home-pc,0,0
1601652538744,11020417,localhost Memory unit=mb:used,,,,,true,,0,0,0,0,null,0,1,0,home-pc,0,0
1601652538745,51125,localhost Disks I/O unit=mb:available,,,,,true,,0,0,0,0,null,0,1,0,home-pc,0,0
1601652538745,11533,localhost CPU user,,,,,true,,0,0,0,0,null,0,1,0,home-pc,0,0
1601652539746,11021046,localhost Memory unit=mb:used,,,,,true,,0,0,0,0,null,0,1,0,home-pc,0,0
1601652539747,51124,localhost Disks I/O unit=mb:available,,,,,true,,0,0,0,0,null,0,1,0,home-pc,0,0
1601652539747,9136,localhost CPU user,,,,,true,,0,0,0,0,null,0,1,0,home-pc,0,0
1601652540747,11022246,localhost Memory unit=mb:used,,,,,true,,0,0,0,0,null,0,1,0,home-pc,0,0
1601652540748,51124,localhost Disks I/O unit=mb:available,,,,,true,,0,0,0,0,null,0,1,0,home-pc,0,0
1601652540748,17983,localhost CPU user,,,,,true,,0,0,0,0,null,0,1,0,home-pc,0,0
1601652541748,11020367,localhost Memory unit=mb:used,,,,,true,,0,0,0,0,null,0,1,0,home-pc,0,0
1601652541748,51124,localhost Disks I/O unit=mb:available,,,,,true,,0,0,0,0,null,0,1,0,home-pc,0,0
1601652541748,9187,localhost CPU user,,,,,true,,0,0,0,0,null,0,1,0,home-pc,0,0
1601652542749,11019335,localhost Memory unit=mb:used,,,,,true,,0,0,0,0,null,0,1,0,home-pc,0,0
1601652542750,51123,localhost Disks I/O unit=mb:available,,,,,true,,0,0,0,0,null,0,1,0,home-pc,0,0
1601652542750,9156,localhost CPU user,,,,,true,,0,0,0,0,null,0,1,0,home-pc,0,0
1601652543750,11019355,localhost Memory unit=mb:used,,,,,true,,0,0,0,0,null,0,1,0,home-pc,0,0
1601652543750,51123,localhost Disks I/O unit=mb:available,,,,,true,,0,0,0,0,null,0,1,0,home-pc,0,0
1601652543750,10950,localhost CPU user,,,,,true,,0,0,0,0,null,0,1,0,home-pc,0,0
1601652544750,11018531,localhost Memory unit=mb:used,,,,,true,,0,0,0,0,null,0,1,0,home-pc,0,0
1601652544750,51122,localhost Disks I/O unit=mb:available,,,,,true,,0,0,0,0,null,0,1,0,home-pc,0,0
1601652544750,8000,localhost CPU user,,,,,true,,0,0,0,0,null,0,1,0,home-pc,0,0
1601652545750,11019039,localhost Memory unit=mb:used,,,,,true,,0,0,0,0,null,0,1,0,home-pc,0,0
1601652545750,51122,localhost Disks I/O unit=mb:available,,,,,true,,0,0,0,0,null,0,1,0,home-pc,0,0
1601652545751,9763,localhost CPU user,,,,,true,,0,0,0,0,null,0,1,0,home-pc,0,0
1601652546752,11020582,localhost Memory unit=mb:used,,,,,true,,0,0,0,0,null,0,1,0,home-pc,0,0
1601652546753,51121,localhost Disks I/O unit=mb:available,,,,,true,,0,0,0,0,null,0,1,0,home-pc,0,0
1601652546753,11298,localhost CPU user,,,,,true,,0,0,0,0,null,0,1,0,home-pc,0,0
1601652547754,11020097,localhost Memory unit=mb:used,,,,,true,,0,0,0,0,null,0,1,0,home-pc,0,0
1601652547755,51121,localhost Disks I/O unit=mb:available,,,,,true,,0,0,0,0,null,0,1,0,home-pc,0,0
1601652547755,8796,localhost CPU user,,,,,true,,0,0,0,0,null,0,1,0,home-pc,0,0
1601652548755,11019167,localhost Memory unit=mb:used,,,,,true,,0,0,0,0,null,0,1,0,home-pc,0,0
1601652548756,51121,localhost Disks I/O unit=mb:available,,,,,true,,0,0,0,0,null,0,1,0,home-pc,0,0
1601652548756,8960,localhost CPU user,,,,,true,,0,0,0,0,null,0,1,0,home-pc,0,0
1601652549756,11018500,localhost Memory unit=mb:used,,,,,true,,0,0,0,0,null,0,1,0,home-pc,0,0
1601652549756,51120,localhost Disks I/O unit=mb:available,,,,,true,,0,0,0,0,null,0,1,0,home-pc,0,0
1601652549757,7223,localhost CPU user,,,,,true,,0,0,0,0,null,0,1,0,home-pc,0,0
1601652550758,11018921,localhost Memory unit=mb:used,,,,,true,,0,0,0,0,null,0,1,0,home-pc,0,0
1601652550758,51120,localhost Disks I/O unit=mb:available,,,,,true,,0,0,0,0,null,0,1,0,home-pc,0,0
1601652550759,9354,localhost CPU user,,,,,true,,0,0,0,0,null,0,1,0,home-pc,0,0
1601652551760,11018105,localhost Memory unit=mb:used,,,,,true,,0,0,0,0,null,0,1,0,home-pc,0,0
1601652551761,51119,localhost Disks I/O unit=mb:available,,,,,true,,0,0,0,0,null,0,1,0,home-pc,0,0
1601652551761,8571,localhost CPU user,,,,,true,,0,0,0,0,null,0,1,0,home-pc,0,0
1601652552761,11017714,localhost Memory unit=mb:used,,,,,true,,0,0,0,0,null,0,1,0,home-pc,0,0
1601652552762,51119,localhost Disks I/O unit=mb:available,,,,,true,,0,0,0,0,null,0,1,0,home-pc,0,0
1601652552762,11214,localhost CPU user,,,,,true,,0,0,0,0,null,0,1,0,home-pc,0,0
1601652553762,11017765,localhost Memory unit=mb:used,,,,,true,,0,0,0,0,null,0,1,0,home-pc,0,0
1601652553788,51118,localhost Disks I/O unit=mb:available,,,,,true,,0,0,0,0,null,0,1,0,home-pc,0,0
1601652553788,9594,localhost CPU user,,,,,true,,0,0,0,0,null,0,1,0,home-pc,0,0
1601652554789,11019601,localhost Memory unit=mb:used,,,,,true,,0,0,0,0,null,0,1,0,home-pc,0,0
1601652554789,51118,localhost Disks I/O unit=mb:available,,,,,true,,0,0,0,0,null,0,1,0,home-pc,0,0
1601652554789,13392,localhost CPU user,,,,,true,,0,0,0,0,null,0,1,0,home-pc,0,0
1601652555790,11018917,localhost Memory unit=mb:used,,,,,true,,0,0,0,0,null,0,1,0,home-pc,0,0
1601652555790,51117,localhost Disks I/O unit=mb:available,,,,,true,,0,0,0,0,null,0,1,0,home-pc,0,0
1601652555790,8035,localhost CPU user,,,,,true,,0,0,0,0,null,0,1,0,home-pc,0,0
1601652556792,11017628,localhost Memory unit=mb:used,,,,,true,,0,0,0,0,null,0,1,0,home-pc,0,0
1601652556792,51117,localhost Disks I/O unit=mb:available,,,,,true,,0,0,0,0,null,0,1,0,home-pc,0,0
1601652556792,8541,localhost CPU user,,,,,true,,0,0,0,0,null,0,1,0,home-pc,0,0
1601652557792,11018855,localhost Memory unit=mb:used,,,,,true,,0,0,0,0,null,0,1,0,home-pc,0,0
1601652557792,51117,localhost Disks I/O unit=mb:available,,,,,true,,0,0,0,0,null,0,1,0,home-pc,0,0
1601652557792,8611,localhost CPU user,,,,,true,,0,0,0,0,null,0,1,0,home-pc,0,0
1601652558793,11018707,localhost Memory unit=mb:used,,,,,true,,0,0,0,0,null,0,1,0,home-pc,0,0
1601652558793,51116,localhost Disks I/O unit=mb:available,,,,,true,,0,0,0,0,null,0,1,0,home-pc,0,0
1601652558793,8354,localhost CPU user,,,,,true,,0,0,0,0,null,0,1,0,home-pc,0,0
1601652559794,11019617,localhost Memory unit=mb:used,,,,,true,,0,0,0,0,null,0,1,0,home-pc,0,0
1601652559794,51116,localhost Disks I/O unit=mb:available,,,,,true,,0,0,0,0,null,0,1,0,home-pc,0,0
1601652559794,9360,localhost CPU user,,,,,true,,0,0,0,0,null,0,1,0,home-pc,0,0
1601652560794,11018089,localhost Memory unit=mb:used,,,,,true,,0,0,0,0,null,0,1,0,home-pc,0,0
1601652560848,51116,localhost Disks I/O unit=mb:available,,,,,true,,0,0,0,0,null,0,1,0,home-pc,0,0
1601652560848,6685,localhost CPU user,,,,,true,,0,0,0,0,null,0,1,0,home-pc,0,0
1601652561848,11016980,localhost Memory unit=mb:used,,,,,true,,0,0,0,0,null,0,1,0,home-pc,0,0
1601652561848,51115,localhost Disks I/O unit=mb:available,,,,,true,,0,0,0,0,null,0,1,0,home-pc,0,0
1601652561849,11303,localhost CPU user,,,,,true,,0,0,0,0,null,0,1,0,home-pc,0,0
1601652562850,11016429,localhost Memory unit=mb:used,,,,,true,,0,0,0,0,null,0,1,0,home-pc,0,0
1601652562850,51114,localhost Disks I/O unit=mb:available,,,,,true,,0,0,0,0,null,0,1,0,home-pc,0,0
1601652562850,7013,localhost CPU user,,,,,true,,0,0,0,0,null,0,1,0,home-pc,0,0
1601652563851,11016414,localhost Memory unit=mb:used,,,,,true,,0,0,0,0,null,0,1,0,home-pc,0,0
1601652563851,51114,localhost Disks I/O unit=mb:available,,,,,true,,0,0,0,0,null,0,1,0,home-pc,0,0
1601652563851,11690,localhost CPU user,,,,,true,,0,0,0,0,null,0,1,0,home-pc,0,0
1601652564853,11016222,localhost Memory unit=mb:used,,,,,true,,0,0,0,0,null,0,1,0,home-pc,0,0
1601652564853,51113,localhost Disks I/O unit=mb:available,,,,,true,,0,0,0,0,null,0,1,0,home-pc,0,0
1601652564854,10146,localhost CPU user,,,,,true,,0,0,0,0,null,0,1,0,home-pc,0,0
1601652565854,11015824,localhost Memory unit=mb:used,,,,,true,,0,0,0,0,null,0,1,0,home-pc,0,0
1601652565855,51113,localhost Disks I/O unit=mb:available,,,,,true,,0,0,0,0,null,0,1,0,home-pc,0,0
1601652565855,7188,localhost CPU user,,,,,true,,0,0,0,0,null,0,1,0,home-pc,0,0
1601652566855,11015988,localhost Memory unit=mb:used,,,,,true,,0,0,0,0,null,0,1,0,home-pc,0,0
1601652566856,51113,localhost Disks I/O unit=mb:available,,,,,true,,0,0,0,0,null,0,1,0,home-pc,0,0
1601652566856,10540,localhost CPU user,,,,,true,,0,0,0,0,null,0,1,0,home-pc,0,0
1601652567856,11016628,localhost Memory unit=mb:used,,,,,true,,0,0,0,0,null,0,1,0,home-pc,0,0
1601652567861,51112,localhost Disks I/O unit=mb:available,,,,,true,,0,0,0,0,null,0,1,0,home-pc,0,0
1601652567861,8008,localhost CPU user,,,,,true,,0,0,0,0,null,0,1,0,home-pc,0,0
1601652568861,11015636,localhost Memory unit=mb:used,,,,,true,,0,0,0,0,null,0,1,0,home-pc,0,0
1601652568861,51112,localhost Disks I/O unit=mb:available,,,,,true,,0,0,0,0,null,0,1,0,home-pc,0,0
1601652568861,7612,localhost CPU user,,,,,true,,0,0,0,0,null,0,1,0,home-pc,0,0
1601652569862,11015542,localhost Memory unit=mb:used,,,,,true,,0,0,0,0,null,0,1,0,home-pc,0,0
1601652569863,51111,localhost Disks I/O unit=mb:available,,,,,true,,0,0,0,0,null,0,1,0,home-pc,0,0
1601652569863,8607,localhost CPU user,,,,,true,,0,0,0,0,null,0,1,0,home-pc,0,0
1601652570863,11018042,localhost Memory unit=mb:used,,,,,true,,0,0,0,0,null,0,1,0,home-pc,0,0
1601652570906,51110,localhost Disks I/O unit=mb:available,,,,,true,,0,0,0,0,null,0,1,0,home-pc,0,0
1601652570906,11664,localhost CPU user,,,,,true,,0,0,0,0,null,0,1,0,home-pc,0,0
1601652571908,11018628,localhost Memory unit=mb:used,,,,,true,,0,0,0,0,null,0,1,0,home-pc,0,0
1601652571947,51110,localhost Disks I/O unit=mb:available,,,,,true,,0,0,0,0,null,0,1,0,home-pc,0,0
1601652571947,11125,localhost CPU user,,,,,true,,0,0,0,0,null,0,1,0,home-pc,0,0
1601652572948,11018519,localhost Memory unit=mb:used,,,,,true,,0,0,0,0,null,0,1,0,home-pc,0,0
1601652572948,51110,localhost Disks I/O unit=mb:available,,,,,true,,0,0,0,0,null,0,1,0,home-pc,0,0
1601652572948,8005,localhost CPU user,,,,,true,,0,0,0,0,null,0,1,0,home-pc,0,0
1601652573949,11020867,localhost Memory unit=mb:used,,,,,true,,0,0,0,0,null,0,1,0,home-pc,0,0
1601652573950,51109,localhost Disks I/O unit=mb:available,,,,,true,,0,0,0,0,null,0,1,0,home-pc,0,0
1601652573950,11522,localhost CPU user,,,,,true,,0,0,0,0,null,0,1,0,home-pc,0,0
1601652574950,11021109,localhost Memory unit=mb:used,,,,,true,,0,0,0,0,null,0,1,0,home-pc,0,0
1601652574950,51109,localhost Disks I/O unit=mb:available,,,,,true,,0,0,0,0,null,0,1,0,home-pc,0,0
1601652574950,10530,localhost CPU user,,,,,true,,0,0,0,0,null,0,1,0,home-pc,0,0
1601652575951,11020070,localhost Memory unit=mb:used,,,,,true,,0,0,0,0,null,0,1,0,home-pc,0,0
1601652575951,51109,localhost Disks I/O unit=mb:available,,,,,true,,0,0,0,0,null,0,1,0,home-pc,0,0
1601652575951,8164,localhost CPU user,,,,,true,,0,0,0,0,null,0,1,0,home-pc,0,0
1601652576953,11017957,localhost Memory unit=mb:used,,,,,true,,0,0,0,0,null,0,1,0,home-pc,0,0
1601652576953,51108,localhost Disks I/O unit=mb:available,,,,,true,,0,0,0,0,null,0,1,0,home-pc,0,0
1601652576953,11911,localhost CPU user,,,,,true,,0,0,0,0,null,0,1,0,home-pc,0,0
1601652577953,11017632,localhost Memory unit=mb:used,,,,,true,,0,0,0,0,null,0,1,0,home-pc,0,0
1601652577954,51107,localhost Disks I/O unit=mb:available,,,,,true,,0,0,0,0,null,0,1,0,home-pc,0,0
1601652577954,9563,localhost CPU user,,,,,true,,0,0,0,0,null,0,1,0,home-pc,0,0
1601652578955,11017792,localhost Memory unit=mb:used,,,,,true,,0,0,0,0,null,0,1,0,home-pc,0,0
1601652578955,51107,localhost Disks I/O unit=mb:available,,,,,true,,0,0,0,0,null,0,1,0,home-pc,0,0
1601652578956,11634,localhost CPU user,,,,,true,,0,0,0,0,null,0,1,0,home-pc,0,0
1601652579957,11017058,localhost Memory unit=mb:used,,,,,true,,0,0,0,0,null,0,1,0,home-pc,0,0
1601652579957,51107,localhost Disks I/O unit=mb:available,,,,,true,,0,0,0,0,null,0,1,0,home-pc,0,0
1601652579957,6825,localhost CPU user,,,,,true,,0,0,0,0,null,0,1,0,home-pc,0,0
1601652580958,11020925,localhost Memory unit=mb:used,,,,,true,,0,0,0,0,null,0,1,0,home-pc,0,0
1601652580958,51106,localhost Disks I/O unit=mb:available,,,,,true,,0,0,0,0,null,0,1,0,home-pc,0,0
1601652580958,8781,localhost CPU user,,,,,true,,0,0,0,0,null,0,1,0,home-pc,0,0
1601652581959,11022265,localhost Memory unit=mb:used,,,,,true,,0,0,0,0,null,0,1,0,home-pc,0,0
1601652581959,51106,localhost Disks I/O unit=mb:available,,,,,true,,0,0,0,0,null,0,1,0,home-pc,0,0
1601652581959,13309,localhost CPU user,,,,,true,,0,0,0,0,null,0,1,0,home-pc,0,0
1601652582960,11022035,localhost Memory unit=mb:used,,,,,true,,0,0,0,0,null,0,1,0,home-pc,0,0
1601652582960,51105,localhost Disks I/O unit=mb:available,,,,,true,,0,0,0,0,null,0,1,0,home-pc,0,0
1601652582960,8572,localhost CPU user,,,,,true,,0,0,0,0,null,0,1,0,home-pc,0,0
1601652583961,11020843,localhost Memory unit=mb:used,,,,,true,,0,0,0,0,null,0,1,0,home-pc,0,0
1601652583961,51105,localhost Disks I/O unit=mb:available,,,,,true,,0,0,0,0,null,0,1,0,home-pc,0,0
1601652583961,8013,localhost CPU user,,,,,true,,0,0,0,0,null,0,1,0,home-pc,0,0
1601652584962,11022757,localhost Memory unit=mb:used,,,,,true,,0,0,0,0,null,0,1,0,home-pc,0,0
1601652584962,51104,localhost Disks I/O unit=mb:available,,,,,true,,0,0,0,0,null,0,1,0,home-pc,0,0
1601652584962,9706,localhost CPU user,,,,,true,,0,0,0,0,null,0,1,0,home-pc,0,0
1601652585963,11022828,localhost Memory unit=mb:used,,,,,true,,0,0,0,0,null,0,1,0,home-pc,0,0
1601652585963,51104,localhost Disks I/O unit=mb:available,,,,,true,,0,0,0,0,null,0,1,0,home-pc,0,0
1601652585963,8200,localhost CPU user,,,,,true,,0,0,0,0,null,0,1,0,home-pc,0,0
1601652586963,11020960,localhost Memory unit=mb:used,,,,,true,,0,0,0,0,null,0,1,0,home-pc,0,0
1601652586963,51103,localhost Disks I/O unit=mb:available,,,,,true,,0,0,0,0,null,0,1,0,home-pc,0,0
1601652586963,12889,localhost CPU user,,,,,true,,0,0,0,0,null,0,1,0,home-pc,0,0
1601652587963,11019609,localhost Memory unit=mb:used,,,,,true,,0,0,0,0,null,0,1,0,home-pc,0,0
1601652587963,51103,localhost Disks I/O unit=mb:available,,,,,true,,0,0,0,0,null,0,1,0,home-pc,0,0
1601652587963,8450,localhost CPU user,,,,,true,,0,0,0,0,null,0,1,0,home-pc,0,0
1601652588964,11019597,localhost Memory unit=mb:used,,,,,true,,0,0,0,0,null,0,1,0,home-pc,0,0
1601652588964,51103,localhost Disks I/O unit=mb:available,,,,,true,,0,0,0,0,null,0,1,0,home-pc,0,0
1601652588964,10188,localhost CPU user,,,,,true,,0,0,0,0,null,0,1,0,home-pc,0,0
1601652589965,11020066,localhost Memory unit=mb:used,,,,,true,,0,0,0,0,null,0,1,0,home-pc,0,0
1601652589965,51102,localhost Disks I/O unit=mb:available,,,,,true,,0,0,0,0,null,0,1,0,home-pc,0,0
1601652589965,10300,localhost CPU user,,,,,true,,0,0,0,0,null,0,1,0,home-pc,0,0
1601652590966,11020156,localhost Memory unit=mb:used,,,,,true,,0,0,0,0,null,0,1,0,home-pc,0,0
1601652590966,51102,localhost Disks I/O unit=mb:available,,,,,true,,0,0,0,0,null,0,1,0,home-pc,0,0
1601652590966,9013,localhost CPU user,,,,,true,,0,0,0,0,null,0,1,0,home-pc,0,0
1601652591966,10941718,localhost Memory unit=mb:used,,,,,true,,0,0,0,0,null,0,1,0,home-pc,0,0
1601652592040,51101,localhost Disks I/O unit=mb:available,,,,,true,,0,0,0,0,null,0,1,0,home-pc,0,0
1601652592040,16158,localhost CPU user,,,,,true,,0,0,0,0,null,0,1,0,home-pc,0,0
1601652593041,10937140,localhost Memory unit=mb:used,,,,,true,,0,0,0,0,null,0,1,0,home-pc,0,0
1601652593041,51101,localhost Disks I/O unit=mb:available,,,,,true,,0,0,0,0,null,0,1,0,home-pc,0,0
1601652593041,6398,localhost CPU user,,,,,true,,0,0,0,0,null,0,1,0,home-pc,0,0
1601652594042,10936132,localhost Memory unit=mb:used,,,,,true,,0,0,0,0,null,0,1,0,home-pc,0,0
1601652594042,51101,localhost Disks I/O unit=mb:available,,,,,true,,0,0,0,0,null,0,1,0,home-pc,0,0
1601652594042,14067,localhost CPU user,,,,,true,,0,0,0,0,null,0,1,0,home-pc,0,0
1601652595043,10936199,localhost Memory unit=mb:used,,,,,true,,0,0,0,0,null,0,1,0,home-pc,0,0
1601652595074,51100,localhost Disks I/O unit=mb:available,,,,,true,,0,0,0,0,null,0,1,0,home-pc,0,0
1601652595074,10128,localhost CPU user,,,,,true,,0,0,0,0,null,0,1,0,home-pc,0,0
1601652596075,10935816,localhost Memory unit=mb:used,,,,,true,,0,0,0,0,null,0,1,0,home-pc,0,0
1601652596075,51099,localhost Disks I/O unit=mb:available,,,,,true,,0,0,0,0,null,0,1,0,home-pc,0,0
1601652596076,13685,localhost CPU user,,,,,true,,0,0,0,0,null,0,1,0,home-pc,0,0
1601652597076,10935410,localhost Memory unit=mb:used,,,,,true,,0,0,0,0,null,0,1,0,home-pc,0,0
1601652597076,51099,localhost Disks I/O unit=mb:available,,,,,true,,0,0,0,0,null,0,1,0,home-pc,0,0
1601652597077,7028,localhost CPU user,,,,,true,,0,0,0,0,null,0,1,0,home-pc,0,0
1601652598078,10935453,localhost Memory unit=mb:used,,,,,true,,0,0,0,0,null,0,1,0,home-pc,0,0
1601652598078,51098,localhost Disks I/O unit=mb:available,,,,,true,,0,0,0,0,null,0,1,0,home-pc,0,0
1601652598078,15063,localhost CPU user,,,,,true,,0,0,0,0,null,0,1,0,home-pc,0,0
1601652599079,10936144,localhost Memory unit=mb:used,,,,,true,,0,0,0,0,null,0,1,0,home-pc,0,0
1601652599079,51098,localhost Disks I/O unit=mb:available,,,,,true,,0,0,0,0,null,0,1,0,home-pc,0,0
1601652599079,9951,localhost CPU user,,,,,true,,0,0,0,0,null,0,1,0,home-pc,0,0
1601652600079,10936601,localhost Memory unit=mb:used,,,,,true,,0,0,0,0,null,0,1,0,home-pc,0,0
1601652600079,51097,localhost Disks I/O unit=mb:available,,,,,true,,0,0,0,0,null,0,1,0,home-pc,0,0
1601652600079,11127,localhost CPU user,,,,,true,,0,0,0,0,null,0,1,0,home-pc,0,0
1601652601080,10935140,localhost Memory unit=mb:used,,,,,true,,0,0,0,0,null,0,1,0,home-pc,0,0
1601652601080,51097,localhost Disks I/O unit=mb:available,,,,,true,,0,0,0,0,null,0,1,0,home-pc,0,0
1601652601081,10926,localhost CPU user,,,,,true,,0,0,0,0,null,0,1,0,home-pc,0,0
1601652602081,10932804,localhost Memory unit=mb:used,,,,,true,,0,0,0,0,null,0,1,0,home-pc,0,0
1601652602081,51096,localhost Disks I/O unit=mb:available,,,,,true,,0,0,0,0,null,0,1,0,home-pc,0,0
1601652602082,12171,localhost CPU user,,,,,true,,0,0,0,0,null,0,1,0,home-pc,0,0
1601652603082,10933843,localhost Memory unit=mb:used,,,,,true,,0,0,0,0,null,0,1,0,home-pc,0,0
1601652603082,51096,localhost Disks I/O unit=mb:available,,,,,true,,0,0,0,0,null,0,1,0,home-pc,0,0
1601652603083,11064,localhost CPU user,,,,,true,,0,0,0,0,null,0,1,0,home-pc,0,0
1601652604084,10951542,localhost Memory unit=mb:used,,,,,true,,0,0,0,0,null,0,1,0,home-pc,0,0
1601652604084,51095,localhost Disks I/O unit=mb:available,,,,,true,,0,0,0,0,null,0,1,0,home-pc,0,0
1601652604084,17566,localhost CPU user,,,,,true,,0,0,0,0,null,0,1,0,home-pc,0,0
1601652605085,10956261,localhost Memory unit=mb:used,,,,,true,,0,0,0,0,null,0,1,0,home-pc,0,0
1601652605085,51094,localhost Disks I/O unit=mb:available,,,,,true,,0,0,0,0,null,0,1,0,home-pc,0,0
1601652605085,12321,localhost CPU user,,,,,true,,0,0,0,0,null,0,1,0,home-pc,0,0
1601652606085,10995996,localhost Memory unit=mb:used,,,,,true,,0,0,0,0,null,0,1,0,home-pc,0,0
1601652606085,51093,localhost Disks I/O unit=mb:available,,,,,true,,0,0,0,0,null,0,1,0,home-pc,0,0
1601652606085,10925,localhost CPU user,,,,,true,,0,0,0,0,null,0,1,0,home-pc,0,0
1601652607086,10996937,localhost Memory unit=mb:used,,,,,true,,0,0,0,0,null,0,1,0,home-pc,0,0
1601652607086,51093,localhost Disks I/O unit=mb:available,,,,,true,,0,0,0,0,null,0,1,0,home-pc,0,0
1601652607086,12088,localhost CPU user,,,,,true,,0,0,0,0,null,0,1,0,home-pc,0,0
1601652608086,10997074,localhost Memory unit=mb:used,,,,,true,,0,0,0,0,null,0,1,0,home-pc,0,0
1601652608142,51092,localhost Disks I/O unit=mb:available,,,,,true,,0,0,0,0,null,0,1,0,home-pc,0,0
1601652608142,10745,localhost CPU user,,,,,true,,0,0,0,0,null,0,1,0,home-pc,0,0
1601652609143,10997328,localhost Memory unit=mb:used,,,,,true,,0,0,0,0,null,0,1,0,home-pc,0,0
1601652609144,51092,localhost Disks I/O unit=mb:available,,,,,true,,0,0,0,0,null,0,1,0,home-pc,0,0
1601652609144,8988,localhost CPU user,,,,,true,,0,0,0,0,null,0,1,0,home-pc,0,0
1601652610144,10997875,localhost Memory unit=mb:used,,,,,true,,0,0,0,0,null,0,1,0,home-pc,0,0
1601652610144,51091,localhost Disks I/O unit=mb:available,,,,,true,,0,0,0,0,null,0,1,0,home-pc,0,0
1601652610144,9952,localhost CPU user,,,,,true,,0,0,0,0,null,0,1,0,home-pc,0,0
1601652611144,10996832,localhost Memory unit=mb:used,,,,,true,,0,0,0,0,null,0,1,0,home-pc,0,0
1601652611144,51091,localhost Disks I/O unit=mb:available,,,,,true,,0,0,0,0,null,0,1,0,home-pc,0,0
1601652611144,14103,localhost CPU user,,,,,true,,0,0,0,0,null,0,1,0,home-pc,0,0
1601652612144,10996070,localhost Memory unit=mb:used,,,,,true,,0,0,0,0,null,0,1,0,home-pc,0,0
1601652612144,51090,localhost Disks I/O unit=mb:available,,,,,true,,0,0,0,0,null,0,1,0,home-pc,0,0
1601652612145,14677,localhost CPU user,,,,,true,,0,0,0,0,null,0,1,0,home-pc,0,0
1601652613146,10996332,localhost Memory unit=mb:used,,,,,true,,0,0,0,0,null,0,1,0,home-pc,0,0
1601652613146,51089,localhost Disks I/O unit=mb:available,,,,,true,,0,0,0,0,null,0,1,0,home-pc,0,0
1601652613146,12426,localhost CPU user,,,,,true,,0,0,0,0,null,0,1,0,home-pc,0,0
1601652614148,10995265,localhost Memory unit=mb:used,,,,,true,,0,0,0,0,null,0,1,0,home-pc,0,0
1601652614148,51089,localhost Disks I/O unit=mb:available,,,,,true,,0,0,0,0,null,0,1,0,home-pc,0,0
1601652614148,10569,localhost CPU user,,,,,true,,0,0,0,0,null,0,1,0,home-pc,0,0
1601652615150,10995406,localhost Memory unit=mb:used,,,,,true,,0,0,0,0,null,0,1,0,home-pc,0,0
1601652615150,51089,localhost Disks I/O unit=mb:available,,,,,true,,0,0,0,0,null,0,1,0,home-pc,0,0
1601652615150,11623,localhost CPU user,,,,,true,,0,0,0,0,null,0,1,0,home-pc,0,0
1601652616150,10994339,localhost Memory unit=mb:used,,,,,true,,0,0,0,0,null,0,1,0,home-pc,0,0
1601652616151,51088,localhost Disks I/O unit=mb:available,,,,,true,,0,0,0,0,null,0,1,0,home-pc,0,0
1601652616151,11354,localhost CPU user,,,,,true,,0,0,0,0,null,0,1,0,home-pc,0,0
1601652617152,10982765,localhost Memory unit=mb:used,,,,,true,,0,0,0,0,null,0,1,0,home-pc,0,0
1601652617153,51087,localhost Disks I/O unit=mb:available,,,,,true,,0,0,0,0,null,0,1,0,home-pc,0,0
1601652617153,14681,localhost CPU user,,,,,true,,0,0,0,0,null,0,1,0,home-pc,0,0
1601652618154,10985714,localhost Memory unit=mb:used,,,,,true,,0,0,0,0,null,0,1,0,home-pc,0,0
1601652618154,51087,localhost Disks I/O unit=mb:available,,,,,true,,0,0,0,0,null,0,1,0,home-pc,0,0
1601652618154,11106,localhost CPU user,,,,,true,,0,0,0,0,null,0,1,0,home-pc,0,0
1601652619155,10991179,localhost Memory unit=mb:used,,,,,true,,0,0,0,0,null,0,1,0,home-pc,0,0
1601652619156,51157,localhost Disks I/O unit=mb:available,,,,,true,,0,0,0,0,null,0,1,0,home-pc,0,0
1601652619156,10388,localhost CPU user,,,,,true,,0,0,0,0,null,0,1,0,home-pc,0,0
1601652620157,10989457,localhost Memory unit=mb:used,,,,,true,,0,0,0,0,null,0,1,0,home-pc,0,0
1601652620157,51156,localhost Disks I/O unit=mb:available,,,,,true,,0,0,0,0,null,0,1,0,home-pc,0,0
1601652620157,8931,localhost CPU user,,,,,true,,0,0,0,0,null,0,1,0,home-pc,0,0
1601652621158,10988398,localhost Memory unit=mb:used,,,,,true,,0,0,0,0,null,0,1,0,home-pc,0,0
1601652621158,51156,localhost Disks I/O unit=mb:available,,,,,true,,0,0,0,0,null,0,1,0,home-pc,0,0
1601652621158,10028,localhost CPU user,,,,,true,,0,0,0,0,null,0,1,0,home-pc,0,0
1601652622158,10987402,localhost Memory unit=mb:used,,,,,true,,0,0,0,0,null,0,1,0,home-pc,0,0
1601652622159,51155,localhost Disks I/O unit=mb:available,,,,,true,,0,0,0,0,null,0,1,0,home-pc,0,0
1601652622159,8325,localhost CPU user,,,,,true,,0,0,0,0,null,0,1,0,home-pc,0,0
1601652623160,10988042,localhost Memory unit=mb:used,,,,,true,,0,0,0,0,null,0,1,0,home-pc,0,0
1601652623160,51154,localhost Disks I/O unit=mb:available,,,,,true,,0,0,0,0,null,0,1,0,home-pc,0,0
1601652623160,11423,localhost CPU user,,,,,true,,0,0,0,0,null,0,1,0,home-pc,0,0
1601652624161,10987449,localhost Memory unit=mb:used,,,,,true,,0,0,0,0,null,0,1,0,home-pc,0,0
1601652624161,51154,localhost Disks I/O unit=mb:available,,,,,true,,0,0,0,0,null,0,1,0,home-pc,0,0
1601652624162,10467,localhost CPU user,,,,,true,,0,0,0,0,null,0,1,0,home-pc,0,0
1601652625163,10989308,localhost Memory unit=mb:used,,,,,true,,0,0,0,0,null,0,1,0,home-pc,0,0
1601652625163,51153,localhost Disks I/O unit=mb:available,,,,,true,,0,0,0,0,null,0,1,0,home-pc,0,0
1601652625163,11933,localhost CPU user,,,,,true,,0,0,0,0,null,0,1,0,home-pc,0,0
1601652626163,11005558,localhost Memory unit=mb:used,,,,,true,,0,0,0,0,null,0,1,0,home-pc,0,0
1601652626163,51153,localhost Disks I/O unit=mb:available,,,,,true,,0,0,0,0,null,0,1,0,home-pc,0,0
1601652626163,11629,localhost CPU user,,,,,true,,0,0,0,0,null,0,1,0,home-pc,0,0
1601652627164,10994085,localhost Memory unit=mb:used,,,,,true,,0,0,0,0,null,0,1,0,home-pc,0,0
1601652627164,51152,localhost Disks I/O unit=mb:available,,,,,true,,0,0,0,0,null,0,1,0,home-pc,0,0
1601652627164,11638,localhost CPU user,,,,,true,,0,0,0,0,null,0,1,0,home-pc,0,0
1601652628164,10993089,localhost Memory unit=mb:used,,,,,true,,0,0,0,0,null,0,1,0,home-pc,0,0
1601652628164,51151,localhost Disks I/O unit=mb:available,,,,,true,,0,0,0,0,null,0,1,0,home-pc,0,0
1601652628164,11104,localhost CPU user,,,,,true,,0,0,0,0,null,0,1,0,home-pc,0,0
1601652629165,10988839,localhost Memory unit=mb:used,,,,,true,,0,0,0,0,null,0,1,0,home-pc,0,0
1601652629165,51151,localhost Disks I/O unit=mb:available,,,,,true,,0,0,0,0,null,0,1,0,home-pc,0,0
1601652629165,10157,localhost CPU user,,,,,true,,0,0,0,0,null,0,1,0,home-pc,0,0
1601652630166,10987507,localhost Memory unit=mb:used,,,,,true,,0,0,0,0,null,0,1,0,home-pc,0,0
1601652630166,51150,localhost Disks I/O unit=mb:available,,,,,true,,0,0,0,0,null,0,1,0,home-pc,0,0
1601652630167,10530,localhost CPU user,,,,,true,,0,0,0,0,null,0,1,0,home-pc,0,0
1601652631168,10987488,localhost Memory unit=mb:used,,,,,true,,0,0,0,0,null,0,1,0,home-pc,0,0
1601652631168,51150,localhost Disks I/O unit=mb:available,,,,,true,,0,0,0,0,null,0,1,0,home-pc,0,0
1601652631168,12310,localhost CPU user,,,,,true,,0,0,0,0,null,0,1,0,home-pc,0,0
1601652632168,10990707,localhost Memory unit=mb:used,,,,,true,,0,0,0,0,null,0,1,0,home-pc,0,0
1601652632168,51149,localhost Disks I/O unit=mb:available,,,,,true,,0,0,0,0,null,0,1,0,home-pc,0,0
1601652632168,10822,localhost CPU user,,,,,true,,0,0,0,0,null,0,1,0,home-pc,0,0
1601652633169,10988460,localhost Memory unit=mb:used,,,,,true,,0,0,0,0,null,0,1,0,home-pc,0,0
1601652633169,51149,localhost Disks I/O unit=mb:available,,,,,true,,0,0,0,0,null,0,1,0,home-pc,0,0
1601652633169,10123,localhost CPU user,,,,,true,,0,0,0,0,null,0,1,0,home-pc,0,0
1601652634169,10989597,localhost Memory unit=mb:used,,,,,true,,0,0,0,0,null,0,1,0,home-pc,0,0
1601652634169,51148,localhost Disks I/O unit=mb:available,,,,,true,,0,0,0,0,null,0,1,0,home-pc,0,0
1601652634170,12448,localhost CPU user,,,,,true,,0,0,0,0,null,0,1,0,home-pc,0,0
1601652635171,10987933,localhost Memory unit=mb:used,,,,,true,,0,0,0,0,null,0,1,0,home-pc,0,0
1601652635171,51147,localhost Disks I/O unit=mb:available,,,,,true,,0,0,0,0,null,0,1,0,home-pc,0,0
1601652635171,10503,localhost CPU user,,,,,true,,0,0,0,0,null,0,1,0,home-pc,0,0
1601652636172,10985062,localhost Memory unit=mb:used,,,,,true,,0,0,0,0,null,0,1,0,home-pc,0,0
1601652636172,51147,localhost Disks I/O unit=mb:available,,,,,true,,0,0,0,0,null,0,1,0,home-pc,0,0
1601652636172,11134,localhost CPU user,,,,,true,,0,0,0,0,null,0,1,0,home-pc,0,0
1601652637172,10984363,localhost Memory unit=mb:used,,,,,true,,0,0,0,0,null,0,1,0,home-pc,0,0
1601652637172,51146,localhost Disks I/O unit=mb:available,,,,,true,,0,0,0,0,null,0,1,0,home-pc,0,0
1601652637172,9171,localhost CPU user,,,,,true,,0,0,0,0,null,0,1,0,home-pc,0,0
1601652638173,10984367,localhost Memory unit=mb:used,,,,,true,,0,0,0,0,null,0,1,0,home-pc,0,0
1601652638173,51146,localhost Disks I/O unit=mb:available,,,,,true,,0,0,0,0,null,0,1,0,home-pc,0,0
1601652638173,9730,localhost CPU user,,,,,true,,0,0,0,0,null,0,1,0,home-pc,0,0
1601652639174,10980000,localhost Memory unit=mb:used,,,,,true,,0,0,0,0,null,0,1,0,home-pc,0,0
1601652639174,51146,localhost Disks I/O unit=mb:available,,,,,true,,0,0,0,0,null,0,1,0,home-pc,0,0
1601652639174,6486,localhost CPU user,,,,,true,,0,0,0,0,null,0,1,0,home-pc,0,0
1601652640174,10979695,localhost Memory unit=mb:used,,,,,true,,0,0,0,0,null,0,1,0,home-pc,0,0
1601652640174,51145,localhost Disks I/O unit=mb:available,,,,,true,,0,0,0,0,null,0,1,0,home-pc,0,0
1601652640174,11268,localhost CPU user,,,,,true,,0,0,0,0,null,0,1,0,home-pc,0,0
1601652641175,10978628,localhost Memory unit=mb:used,,,,,true,,0,0,0,0,null,0,1,0,home-pc,0,0
1601652641175,51144,localhost Disks I/O unit=mb:available,,,,,true,,0,0,0,0,null,0,1,0,home-pc,0,0
1601652641175,9366,localhost CPU user,,,,,true,,0,0,0,0,null,0,1,0,home-pc,0,0
1601652642175,10978640,localhost Memory unit=mb:used,,,,,true,,0,0,0,0,null,0,1,0,home-pc,0,0
1601652642193,51143,localhost Disks I/O unit=mb:available,,,,,true,,0,0,0,0,null,0,1,0,home-pc,0,0
1601652642193,14422,localhost CPU user,,,,,true,,0,0,0,0,null,0,1,0,home-pc,0,0
1601652643194,10977613,localhost Memory unit=mb:used,,,,,true,,0,0,0,0,null,0,1,0,home-pc,0,0
1601652643194,51143,localhost Disks I/O unit=mb:available,,,,,true,,0,0,0,0,null,0,1,0,home-pc,0,0
1601652643195,10422,localhost CPU user,,,,,true,,0,0,0,0,null,0,1,0,home-pc,0,0
1601652644195,10976617,localhost Memory unit=mb:used,,,,,true,,0,0,0,0,null,0,1,0,home-pc,0,0
1601652644196,51142,localhost Disks I/O unit=mb:available,,,,,true,,0,0,0,0,null,0,1,0,home-pc,0,0
1601652644196,10537,localhost CPU user,,,,,true,,0,0,0,0,null,0,1,0,home-pc,0,0
1601652645197,10976621,localhost Memory unit=mb:used,,,,,true,,0,0,0,0,null,0,1,0,home-pc,0,0
1601652645197,51142,localhost Disks I/O unit=mb:available,,,,,true,,0,0,0,0,null,0,1,0,home-pc,0,0
1601652645198,9745,localhost CPU user,,,,,true,,0,0,0,0,null,0,1,0,home-pc,0,0
1601652646199,10976480,localhost Memory unit=mb:used,,,,,true,,0,0,0,0,null,0,1,0,home-pc,0,0
1601652646199,51141,localhost Disks I/O unit=mb:available,,,,,true,,0,0,0,0,null,0,1,0,home-pc,0,0
1601652646199,11071,localhost CPU user,,,,,true,,0,0,0,0,null,0,1,0,home-pc,0,0
1601652647201,10975441,localhost Memory unit=mb:used,,,,,true,,0,0,0,0,null,0,1,0,home-pc,0,0
1601652647237,51141,localhost Disks I/O unit=mb:available,,,,,true,,0,0,0,0,null,0,1,0,home-pc,0,0
1601652647237,8572,localhost CPU user,,,,,true,,0,0,0,0,null,0,1,0,home-pc,0,0
1601652648237,10976371,localhost Memory unit=mb:used,,,,,true,,0,0,0,0,null,0,1,0,home-pc,0,0
1601652648237,51140,localhost Disks I/O unit=mb:available,,,,,true,,0,0,0,0,null,0,1,0,home-pc,0,0
1601652648237,10572,localhost CPU user,,,,,true,,0,0,0,0,null,0,1,0,home-pc,0,0
1601652649237,10977132,localhost Memory unit=mb:used,,,,,true,,0,0,0,0,null,0,1,0,home-pc,0,0
1601652649237,51140,localhost Disks I/O unit=mb:available,,,,,true,,0,0,0,0,null,0,1,0,home-pc,0,0
1601652649237,7780,localhost CPU user,,,,,true,,0,0,0,0,null,0,1,0,home-pc,0,0
1601652650238,10976976,localhost Memory unit=mb:used,,,,,true,,0,0,0,0,null,0,1,0,home-pc,0,0
1601652650238,51139,localhost Disks I/O unit=mb:available,,,,,true,,0,0,0,0,null,0,1,0,home-pc,0,0
1601652650238,10168,localhost CPU user,,,,,true,,0,0,0,0,null,0,1,0,home-pc,0,0
1601652651239,10980082,localhost Memory unit=mb:used,,,,,true,,0,0,0,0,null,0,1,0,home-pc,0,0
1601652651240,51139,localhost Disks I/O unit=mb:available,,,,,true,,0,0,0,0,null,0,1,0,home-pc,0,0
1601652651240,12660,localhost CPU user,,,,,true,,0,0,0,0,null,0,1,0,home-pc,0,0
1601652652241,10979503,localhost Memory unit=mb:used,,,,,true,,0,0,0,0,null,0,1,0,home-pc,0,0
1601652652242,51138,localhost Disks I/O unit=mb:available,,,,,true,,0,0,0,0,null,0,1,0,home-pc,0,0
1601652652242,12314,localhost CPU user,,,,,true,,0,0,0,0,null,0,1,0,home-pc,0,0
1601652653242,10982992,localhost Memory unit=mb:used,,,,,true,,0,0,0,0,null,0,1,0,home-pc,0,0
1601652653242,51137,localhost Disks I/O unit=mb:available,,,,,true,,0,0,0,0,null,0,1,0,home-pc,0,0
1601652653242,13793,localhost CPU user,,,,,true,,0,0,0,0,null,0,1,0,home-pc,0,0
